Name,Synonyme,YahooTicker
Adidas,"adidas, ads",ADS.DE
Airbus,"air, airbus",AIR.PA
Allianz,"allianz, alv",ALV.DE
BASF,"bas, basf",BAS.DE
Bayer,"bayer, bayn",BAYN.DE
Beiersdorf,"bei, beiersdorf",BEI.DE
BMW,bmw,BMW.DE
Brenntag,"bnr, brennt",BNR.DE
Commerzbank,"cbk, commerzbank",CBK.DE
Continental,"con, continental",CON.DE
Covestro,"1cov, covestro",1COV.DE
Daimler Truck,"daimler, dtg, truck",DTG.DE
Deutsche Bank,"bank, dbk, deutsche",DBK.DE
Deutsche Börse,"bör, db1, deutsche",DB1.DE
Deutsche Post,"deutsche, dhl, post",DHL.DE
Deutsche Telekom,"deutsche, dte, telekom",DTE.DE
E.ON,"e.on, eoan",EOAN.DE
Fresenius,"fre, frenius",FRE.DE
Fresenius Medical Care,"care, fme, frenius, medical",FME.DE
Hannover Re,"hannover, hnr1, re",HNR1.DE
Heidelberg Materials,"hei, heidelberg, materials",HEI.DE
Henkel,"hen3, henkel",HEN3.DE
Infineon Technologies,"ifx, infineon, technologies",IFX.DE
Mercedes-Benz Group,"group, mbg, mercedes-benz",MBG.DE
Merck,"merck, mrk",MRK.DE
MTU Aero Engines,"aero, engines, mtu, mtx",MTX.DE
Munich Re,"munich, muv2, re",MUV2.DE
Porsche,"p911, porsche",P911.DE
Porsche SE,"pah3, porsche",PAH3.DE
Qiagen,"qia, qien",QIA.DE
Rheinmetall,"rheinmetall, rhm",RHM.DE
RWE,rwe,RWE.DE
SAP,sap,SAP.DE
Sartorius,"sartorius, srt3",SRT3.DE
Siemens,"sie, siemens",SIE.DE
Siemens Energy,"energy, enr, siemens",ENR.DE
Siemens Healthineers,"healthineers, shl, siemens",SHL.DE
Symrise,"sy1, symri",SY1.DE
Volkswagen Group,"group, volkswen, vow3",VOW3.DE
Vonovia,"vna, vonovia",VNA.DE
Zalando,"zal, zalando",ZAL.DE
Adobe Inc.,"adbe, adobe",ADBE
Advanced Micro Devices,"advanced, amd, devices, micro",AMD
Airbnb,"abnb, airbnb",ABNB
Alphabet Inc. (Class A),"(class, a), alphabet, googl",GOOGL
Alphabet Inc. (Class C),"(class, alphabet, c), goog",GOOG
Amazon,"amazon, amzn",AMZN
American Electric Power,"aep, american, electric, power",AEP
Amgen,"amgen, amgn",AMGN
Analog Devices,"adi, analog, devices",ADI
Ansys,"anss, ansys",ANSS
Apple Inc.,"aapl, apple",AAPL
Applied Materials,"amat, applied, materials",AMAT
AppLovin,"app, applovin",APP
Arm Holdings,"arm, holdings",ARM
ASML Holding,"asml, holding",ASML
AstraZeneca,"astrazeneca, azn",AZN
Atlassian,"atlassian, team",TEAM
Autodesk,"adsk, autodesk",ADSK
Automatic Data Processing,"adp, automatic, data, processing",ADP
Axon Enterprise,"axon, enterpri",AXON
Baker Hughes,"baker, bkr, hughes",BKR
Biogen,"biib, biogen",BIIB
Booking Holdings,"bkng, booking, holdings",BKNG
Broadcom,"avgo, broadcom",AVGO
Cadence Design Systems,"cadence, cdns, design, systems",CDNS
CDW Corporation,"cdw, corporation",CDW
Charter Communications,"charter, chtr, communications",CHTR
Cintas,"cintas, ctas",CTAS
Cisco,"cisco, csco",CSCO
Coca-Cola Europacific Partners,"ccep, coca-cola, europacific, partners",CCEP
Cognizant,"cognizant, ctsh",CTSH
Comcast,"cmcsa, comcast",CMCSA
Constellation Energy,"ceg, constellation, energy",CEG
Copart,"copart, cprt",CPRT
CoStar Group,"costar, csgp, group",CSGP
Costco,"cost, costco",COST
CrowdStrike,"crowdstrike, crwd",CRWD
CSX Corporation,"corporation, csx",CSX
Datadog,"datadog, ddog",DDOG
DexCom,"dexcom, dxcm",DXCM
Diamondback Energy,"diamondback, energy, fang",FANG
DoorDash,"dash, doordash",DASH
Electronic Arts,"arts, ea, electronic",EA
Exelon,"exc, exelon",EXC
Fastenal,"fast, fastenal",FAST
Fortinet,"fortinet, ftnt",FTNT
GE HealthCare,"ge, gehc, healthcare",GEHC
Gilead Sciences,"gild, gilead, sciences",GILD
GlobalFoundries,"gfs, globalfoundries",GFS
Honeywell,"hon, honeywell",HON
Idexx Laboratories,"idexx, idxx, laboratories",IDXX
Intel,"intc, intel",INTC
Intuit,"intu, intuit",INTU
Intuitive Surgical,"intuitive, isrg, surgical",ISRG
Keurig Dr Pepper,"dr, kdp, keurig, pepper",KDP
KLA Corporation,"corporation, kla, klac",KLAC
Kraft Heinz,"heinz, khc, kraft",KHC
Lam Research,"lam, lrcx, rearch",LRCX
Linde plc,"lin, linde, plc",LIN
Lululemon,"lulu, lululemon",LULU
Marriott International,"international, mar, marriott",MAR
Marvell Technology,"marvell, mrvl, technology",MRVL
Mercado Libre,"libre, meli, mercado",MELI
Meta Platforms,"meta, platforms",META
Microchip Technology,"mchp, microchip, technology",MCHP
Micron Technology,"micron, mu, technology",MU
Microsoft,"microsoft, msft",MSFT
MicroStrategy,"microstrategy, mstr",MSTR
Mondelez International,"international, mdlz, mondelez",MDLZ
Monster Beverage,"bevere, mnst, monster",MNST
"Netflix, Inc.","netflix,, nflx",NFLX
Nvidia,"nvda, nvidia",NVDA
NXP Semiconductors,"miconductors, nxp, nxpi",NXPI
O'Reilly Automotive,"automotive, o'reilly, orly",ORLY
Old Dominion Freight Line,"dominion, freight, line, odfl, old",ODFL
Onsemi,"on, onmi",ON
Paccar,"paccar, pcar",PCAR
Palantir Technologies,"palantir, pltr, technologies",PLTR
Palo Alto Networks,"alto, networks, palo, panw",PANW
Paychex,"paychex, payx",PAYX
PayPal,"paypal, pypl",PYPL
PDD Holdings,"holdings, pdd",PDD
PepsiCo,"pep, pepsico",PEP
Qualcomm,"qcom, qualcomm",QCOM
Regeneron Pharmaceuticals,"pharmaceuticals, regeneron, regn",REGN
Roper Technologies,"rop, roper, technologies",ROP
Ross Stores,"ross, rost, stores",ROST
Shopify,"shop, shopify",SHOP
Starbucks,"sbux, starbucks",SBUX
Synopsys,"snps, synopsys",SNPS
Take-Two Interactive,"interactive, take-two, ttwo",TTWO
T-Mobile US,"t-mobile, tmus, us",TMUS
"Tesla, Inc.","tesla,, tsla",TSLA
Texas Instruments,"instruments, texas, txn",TXN
Trade Desk (The),"(the), desk, trade, ttd",TTD
Verisk Analytics,"analytics, verisk, vrsk",VRSK
Vertex Pharmaceuticals,"pharmaceuticals, vertex, vrtx",VRTX
Warner Bros. Discovery,"bros., discovery, warner, wbd",WBD
"Workday, Inc.","wday, workday,",WDAY
Xcel Energy,"energy, xcel, xel",XEL
Zscaler,"zs, zscaler",ZS
3M,"3m, mmm",MMM
A. O. Smith,"a., aos, o., smith",AOS
Abbott Laboratories,"abbott, abt, laboratories",ABT
AbbVie,"abbv, abbvie",ABBV
Accenture,"accenture, acn",ACN
AES Corporation,"aes, corporation",AES
Aflac,"afl, aflac",AFL
Agilent Technologies,"a, ilent, technologies",A
Air Products,"air, apd, products",APD
Akamai Technologies,"akam, akamai, technologies",AKAM
Albemarle Corporation,"alb, albemarle, corporation",ALB
Alexandria Real Estate Equities,"alexandria, are, equities, estate, real",ARE
Align Technology,"algn, align, technology",ALGN
Allegion,"alle, allegion",ALLE
Alliant Energy,"alliant, energy, lnt",LNT
Allstate,"all, allstate",ALL
Altria,"altria, mo",MO
Amcor,"amcor, amcr",AMCR
Ameren,"aee, ameren",AEE
American Express,"american, axp, express",AXP
American International Group,"aig, american, group, international",AIG
American Tower,"american, amt, tower",AMT
American Water Works,"american, awk, water, works",AWK
Ameriprise Financial,"ameripri, amp, financial",AMP
Ametek,"ame, ametek",AME
Amphenol,"amphenol, aph",APH
Aon plc,"aon, plc",AON
APA Corporation,"apa, corporation",APA
Apollo Global Management,"apo, apollo, global, manement",APO
Aptiv,"aptiv, aptv",APTV
Arch Capital Group,"acgl, arch, capital, group",ACGL
Archer Daniels Midland,"adm, archer, daniels, midland",ADM
Arista Networks,"anet, arista, networks",ANET
Arthur J. Gallagher & Co.,"&, ajg, arthur, co., gallher, j.",AJG
Assurant,"aiz, assurant",AIZ
AT&T,"at&t, t",T
Atmos Energy,"atmos, ato, energy",ATO
AutoZone,"autozone, azo",AZO
AvalonBay Communities,"avalonbay, avb, communities",AVB
Avery Dennison,"avery, avy, dennison",AVY
Ball Corporation,"ball, corporation",BALL
Bank of America,"america, bac, bank, of",BAC
Baxter International,"bax, baxter, international",BAX
Becton Dickinson,"bdx, becton, dickinson",BDX
Berkshire Hathaway,"berkshire, brk, hathaway",BRK.B
Best Buy,"bby, best, buy",BBY
Bio-Techne,"bio-techne, tech",TECH
BlackRock,"blackrock, blk",BLK
Blackstone Inc.,"blackstone, bx",BX
BNY Mellon,"bk, bny, mellon",BK
Boeing,"ba, boeing",BA
Boston Scientific,"boston, bsx, scientific",BSX
Bristol Myers Squibb,"bmy, bristol, myers, squibb",BMY
Broadridge Financial Solutions,"br, broadridge, financial, solutions",BR
Brown & Brown,"&, bro, brown",BRO
Brown–Forman,"bf, brown–forman",BF.B
Builders FirstSource,"bldr, builders, firstsource",BLDR
Bunge Global,"bg, bunge, global",BG
"BXP, Inc.","bxp, bxp,",BXP
C.H. Robinson,"c.h., chrw, robinson",CHRW
Caesars Entertainment,"caesars, czr, entertainment",CZR
Camden Property Trust,"camden, cpt, property, trust",CPT
Campbell's Company (The),"(the), campbell's, company, cpb",CPB
Capital One,"capital, cof, one",COF
Cardinal Health,"cah, cardinal, health",CAH
CarMax,"carmax, kmx",KMX
Carnival,"carnival, ccl",CCL
Carrier Global,"carr, carrier, global",CARR
Caterpillar Inc.,"cat, caterpillar",CAT
Cboe Global Markets,"cboe, global, markets",CBOE
CBRE Group,"cbre, group",CBRE
Cencora,"cencora, cor",COR
Centene Corporation,"centene, cnc, corporation",CNC
CenterPoint Energy,"centerpoint, cnp, energy",CNP
CF Industries,"cf, industries",CF
Charles River Laboratories,"charles, crl, laboratories, river",CRL
Charles Schwab Corporation,"charles, corporation, schw, schwab",SCHW
Chevron Corporation,"chevron, corporation, cvx",CVX
Chipotle Mexican Grill,"chipotle, cmg, grill, mexican",CMG
Chubb Limited,"cb, chubb, limited",CB
Church & Dwight,"&, chd, church, dwight",CHD
Cigna,"ci, cigna",CI
Cincinnati Financial,"cincinnati, cinf, financial",CINF
Citigroup,"c, citigroup",C
Citizens Financial Group,"cfg, citizens, financial, group",CFG
Clorox,"clorox, clx",CLX
CME Group,"cme, group",CME
CMS Energy,"cms, energy",CMS
Coca-Cola Company (The),"(the), coca-cola, company, ko",KO
Coinbase,"coin, coinba",COIN
Colgate-Palmolive,"cl, colgate-palmolive",CL
Conagra Brands,"brands, cag, conra",CAG
ConocoPhillips,"conocophillips, cop",COP
Consolidated Edison,"consolidated, ed, edison",ED
Constellation Brands,"brands, constellation, stz",STZ
Cooper Companies (The),"(the), companies, coo, cooper",COO
Corning Inc.,"corning, glw",GLW
Corpay,"corpay, cpay",CPAY
Corteva,"corteva, ctva",CTVA
Coterra,"coterra, ctra",CTRA
Crown Castle,"castle, cci, crown",CCI
Cummins,"cmi, cummins",CMI
CVS Health,"cvs, health",CVS
Danaher Corporation,"corporation, danaher, dhr",DHR
Darden Restaurants,"darden, dri, restaurants",DRI
DaVita,"davita, dva",DVA
Dayforce,"day, dayforce",DAY
Deckers Brands,"brands, deck, deckers",DECK
Deere & Company,"&, company, de, deere",DE
Dell Technologies,"dell, technologies",DELL
Delta Air Lines,"air, dal, delta, lines",DAL
Devon Energy,"devon, dvn, energy",DVN
Digital Realty,"digital, dlr, realty",DLR
Dollar General,"dg, dollar, general",DG
Dollar Tree,"dltr, dollar, tree",DLTR
Dominion Energy,"d, dominion, energy",D
Domino's,"domino's, dpz",DPZ
Dover Corporation,"corporation, dov, dover",DOV
Dow Inc.,dow,DOW
D. R. Horton,"d., dhi, horton, r.",DHI
DTE Energy,"dte, energy",DTE
Duke Energy,"duk, duke, energy",DUK
DuPont,"dd, dupont",DD
Eastman Chemical Company,"chemical, company, eastman, emn",EMN
Eaton Corporation,"corporation, eaton, etn",ETN
eBay Inc.,ebay,EBAY
Ecolab,"ecl, ecolab",ECL
Edison International,"edison, eix, international",EIX
Edwards Lifesciences,"edwards, ew, lifesciences",EW
Elevance Health,"elevance, elv, health",ELV
Emerson Electric,"electric, emerson, emr",EMR
Enphase Energy,"energy, enph, enpha",ENPH
Entergy,"entergy, etr",ETR
EOG Resources,"eog, resources",EOG
EPAM Systems,"epam, systems",EPAM
EQT Corporation,"corporation, eqt",EQT
Equifax,"efx, equifax",EFX
Equinix,"eqix, equinix",EQIX
Equity Residential,"eqr, equity, residential",EQR
Erie Indemnity,"erie, indemnity",ERIE
Essex Property Trust,"ess, esx, property, trust",ESS
Estée Lauder Companies (The),"(the), companies, el, estée, lauder",EL
Everest Group,"eg, everest, group",EG
Evergy,"evergy, evrg",EVRG
Eversource Energy,"energy, es, eversource",ES
Expand Energy,"energy, exe, expand",EXE
Expedia Group,"expe, expedia, group",EXPE
Expeditors International,"expd, expeditors, international",EXPD
Extra Space Storage,"exr, extra, space, store",EXR
ExxonMobil,"exxonmobil, xom",XOM
"F5, Inc.","f5,, ffiv",FFIV
FactSet,"factt, fds",FDS
Fair Isaac,"fair, fico, isaac",FICO
Federal Realty Investment Trust,"federal, frt, investment, realty, trust",FRT
FedEx,"fdx, fedex",FDX
Fidelity National Information Services,"fidelity, fis, information, national, rvices",FIS
Fifth Third Bancorp,"bancorp, fifth, fitb, third",FITB
First Solar,"first, fslr, solar",FSLR
FirstEnergy,"fe, firstenergy",FE
Fiserv,"fi, firv",FI
Ford Motor Company,"company, f, ford, motor",F
Fortive,"fortive, ftv",FTV
Fox Corporation (Class A),"(class, a), corporation, fox, foxa",FOXA
Fox Corporation (Class B),"(class, b), corporation, fox",FOX
Franklin Resources,"ben, franklin, resources",BEN
Freeport-McMoRan,"fcx, freeport-mcmoran",FCX
Garmin,"garmin, grmn",GRMN
Gartner,"gartner, it",IT
GE Aerospace,"aerospace, ge",GE
GE Vernova,"ge, gev, vernova",GEV
Gen Digital,"digital, gen",GEN
Generac,"generac, gnrc",GNRC
General Dynamics,"dynamics, gd, general",GD
General Mills,"general, gis, mills",GIS
General Motors,"general, gm, motors",GM
Genuine Parts Company,"company, genuine, gpc, parts",GPC
Global Payments,"global, gpn, payments",GPN
Globe Life,"gl, globe, life",GL
GoDaddy,"gddy, godaddy",GDDY
Goldman Sachs,"goldman, gs, sachs",GS
Halliburton,"hal, halliburton",HAL
Hartford (The),"(the), hartford, hig",HIG
Hasbro,"has, hasbro",HAS
HCA Healthcare,"hca, healthcare",HCA
Healthpeak Properties,"doc, healthpeak, properties",DOC
Henry Schein,"henry, hsic, schein",HSIC
Hershey Company (The),"(the), company, hershey, hsy",HSY
Hess Corporation,"corporation, hes, hess",HES
Hewlett Packard Enterprise,"enterpri, hewlett, hpe, packard",HPE
Hilton Worldwide,"hilton, hlt, worldwide",HLT
Hologic,"hologic, holx",HOLX
Home Depot (The),"(the), depot, hd, home",HD
Hormel Foods,"foods, hormel, hrl",HRL
Host Hotels & Resorts,"&, host, hotels, hst, resorts",HST
Howmet Aerospace,"aerospace, howmet, hwm",HWM
HP Inc.,"hp, hpq",HPQ
Hubbell Incorporated,"hubb, hubbell, incorporated",HUBB
Humana,"hum, humana",HUM
Huntington Bancshares,"bancshares, hban, huntington",HBAN
Huntington Ingalls Industries,"hii, huntington, industries, ingalls",HII
IBM,ibm,IBM
IDEX Corporation,"corporation, idex, iex",IEX
Illinois Tool Works,"illinois, itw, tool, works",ITW
Incyte,"incy, incyte",INCY
Ingersoll Rand,"ingersoll, ir, rand",IR
Insulet Corporation,"corporation, insulet, podd",PODD
Intercontinental Exchange,"exchange, ice, intercontinental",ICE
International Flavors & Fragrances,"&, flavors, frrances, iff, international",IFF
International Paper,"international, ip, paper",IP
Interpublic Group of Companies (The),"(the), companies, group, interpublic, ipg, of",IPG
Invesco,"invesco, ivz",IVZ
Invitation Homes,"homes, invh, invitation",INVH
IQVIA,"iqv, iqvia",IQV
Iron Mountain,"irm, iron, mountain",IRM
J.B. Hunt,"hunt, j.b., jbht",JBHT
Jabil,"jabil, jbl",JBL
Jack Henry & Associates,"&, associates, henry, jack, jkhy",JKHY
Jacobs Solutions,"j, jacobs, solutions",J
Johnson & Johnson,"&, jnj, johnson",JNJ
Johnson Controls,"controls, jci, johnson",JCI
JPMorgan Chase,"cha, jpm, jpmorgan",JPM
Juniper Networks,"jnpr, juniper, networks",JNPR
Kellanova,"k, kellanova",K
Kenvue,"kenvue, kvue",KVUE
KeyCorp,"key, keycorp",KEY
Keysight Technologies,"keys, keysight, technologies",KEYS
Kimberly-Clark,"kimberly-clark, kmb",KMB
Kimco Realty,"kim, kimco, realty",KIM
Kinder Morgan,"kinder, kmi, morgan",KMI
KKR & Co.,"&, co., kkr",KKR
Kroger,"kr, kroger",KR
L3Harris,"l3harris, lhx",LHX
Labcorp,"labcorp, lh",LH
Lamb Weston,"lamb, lw, weston",LW
Las Vegas Sands,"las, lvs, sands, vegas",LVS
Leidos,"ldos, leidos",LDOS
Lennar,"len, lennar",LEN
Lennox International,"international, lennox, lii",LII
Lilly (Eli),"(eli), lilly, lly",LLY
Live Nation Entertainment,"entertainment, live, lyv, nation",LYV
LKQ Corporation,"corporation, lkq",LKQ
Lockheed Martin,"lmt, lockheed, martin",LMT
Loews Corporation,"corporation, l, loews",L
Lowe's,"low, lowe's",LOW
LyondellBasell,"lyb, lyondellball",LYB
M&T Bank,"bank, m&t, mtb",MTB
Marathon Petroleum,"marathon, mpc, petroleum",MPC
MarketAxess,"marketaxess, mktx",MKTX
Marsh McLennan,"marsh, mclennan, mmc",MMC
Martin Marietta Materials,"marietta, martin, materials, mlm",MLM
Masco,"mas, masco",MAS
Mastercard,"ma, mastercard",MA
Match Group,"group, match, mtch",MTCH
McCormick & Company,"&, company, mccormick, mkc",MKC
McDonald's,"mcd, mcdonald's",MCD
McKesson Corporation,"corporation, mck, mckesson",MCK
Medtronic,"mdt, medtronic",MDT
Merck & Co.,"&, co., merck, mrk",MRK
MetLife,"met, metlife",MET
Mettler Toledo,"mettler, mtd, toledo",MTD
MGM Resorts,"mgm, resorts",MGM
Mid-America Apartment Communities,"apartment, communities, maa, mid-america",MAA
Moderna,"moderna, mrna",MRNA
Mohawk Industries,"industries, mhk, mohawk",MHK
Molina Healthcare,"healthcare, moh, molina",MOH
Molson Coors Beverage Company,"bevere, company, coors, molson, tap",TAP
Monolithic Power Systems,"monolithic, mpwr, power, systems",MPWR
Moody's Corporation,"corporation, mco, moody's",MCO
Morgan Stanley,"morgan, ms, stanley",MS
Mosaic Company (The),"(the), company, mos, mosaic",MOS
Motorola Solutions,"motorola, msi, solutions",MSI
MSCI Inc.,msci,MSCI
"Nasdaq, Inc.","nasdaq,, ndaq",NDAQ
NetApp,"netapp, ntap",NTAP
Newmont,"nem, newmont",NEM
News Corp (Class A),"(class, a), corp, news, nwsa",NWSA
News Corp (Class B),"(class, b), corp, news, nws",NWS
NextEra Energy,"energy, nee, nextera",NEE
"Nike, Inc.","nike,, nke",NKE
NiSource,"ni, nisource",NI
Nordson Corporation,"corporation, ndsn, nordson",NDSN
Norfolk Southern,"norfolk, nsc, southern",NSC
Northern Trust,"northern, ntrs, trust",NTRS
Northrop Grumman,"grumman, noc, northrop",NOC
Norwegian Cruise Line Holdings,"crui, holdings, line, nclh, norwegian",NCLH
NRG Energy,"energy, nrg",NRG
Nucor,"nucor, nue",NUE
"NVR, Inc.","nvr, nvr,",NVR
Occidental Petroleum,"occidental, oxy, petroleum",OXY
Omnicom Group,"group, omc, omnicom",OMC
Oneok,"oke, oneok",OKE
Oracle Corporation,"corporation, oracle, orcl",ORCL
Otis Worldwide,"otis, worldwide",OTIS
Packaging Corporation of America,"america, corporation, of, packing, pkg",PKG
Paramount Global,"global, para, paramount",PARA
Parker Hannifin,"hannifin, parker, ph",PH
Paycom,"payc, paycom",PAYC
Pentair,"pentair, pnr",PNR
Pfizer,"pfe, pfizer",PFE
PG&E Corporation,"corporation, pcg, pg&e",PCG
Philip Morris International,"international, morris, philip, pm",PM
Phillips 66,"66, phillips, psx",PSX
Pinnacle West Capital,"capital, pinnacle, pnw, west",PNW
PNC Financial Services,"financial, pnc, rvices",PNC
Pool Corporation,"corporation, pool",POOL
PPG Industries,"industries, ppg",PPG
PPL Corporation,"corporation, ppl",PPL
Principal Financial Group,"financial, group, pfg, principal",PFG
Procter & Gamble,"&, gamble, pg, procter",PG
Progressive Corporation,"corporation, pgr, progressive",PGR
Prologis,"pld, prologis",PLD
Prudential Financial,"financial, pru, prudential",PRU
Public Service Enterprise Group,"enterpri, group, peg, public, rvice",PEG
PTC Inc.,ptc,PTC
Public Storage,"psa, public, store",PSA
PulteGroup,"phm, pultegroup",PHM
Quanta Services,"pwr, quanta, rvices",PWR
Quest Diagnostics,"dgx, dinostics, quest",DGX
Ralph Lauren Corporation,"corporation, lauren, ralph, rl",RL
Raymond James Financial,"financial, james, raymond, rjf",RJF
RTX Corporation,"corporation, rtx",RTX
Realty Income,"income, o, realty",O
Regency Centers,"centers, reg, regency",REG
Regions Financial Corporation,"corporation, financial, regions, rf",RF
Republic Services,"republic, rsg, rvices",RSG
ResMed,"resmed, rmd",RMD
Revvity,"revvity, rvty",RVTY
Rockwell Automation,"automation, rockwell, rok",ROK
"Rollins, Inc.","rol, rollins,",ROL
Royal Caribbean Group,"caribbean, group, rcl, royal",RCL
S&P Global,"global, s&p, spgi",SPGI
Salesforce,"crm, salesforce",CRM
SBA Communications,"communications, sba, sbac",SBAC
Schlumberger,"schlumberger, slb",SLB
Seagate Technology,"ate, stx, technology",STX
Sempra,"mpra, sre",SRE
ServiceNow,"now, rvicenow",NOW
Sherwin-Williams,"sherwin-williams, shw",SHW
Simon Property Group,"group, property, simon, spg",SPG
Skyworks Solutions,"skyworks, solutions, swks",SWKS
J.M. Smucker Company (The),"(the), company, j.m., sjm, smucker",SJM
Smurfit Westrock,"smurfit, sw, westrock",SW
Snap-on,"sna, snap-on",SNA
Solventum,"solv, solventum",SOLV
Southern Company,"company, so, southern",SO
Southwest Airlines,"airlines, luv, southwest",LUV
Stanley Black & Decker,"&, black, decker, stanley, swk",SWK
State Street Corporation,"corporation, state, street, stt",STT
Steel Dynamics,"dynamics, steel, stld",STLD
Steris,"ste, steris",STE
Stryker Corporation,"corporation, stryker, syk",SYK
Supermicro,"smci, supermicro",SMCI
Synchrony Financial,"financial, syf, synchrony",SYF
Sysco,"sysco, syy",SYY
T. Rowe Price,"price, rowe, t., trow",TROW
"Tapestry, Inc.","tapestry,, tpr",TPR
Targa Resources,"resources, targa, trgp",TRGP
Target Corporation,"corporation, target, tgt",TGT
TE Connectivity,"connectivity, te, tel",TEL
Teledyne Technologies,"tdy, technologies, teledyne",TDY
Teradyne,"ter, teradyne",TER
Texas Pacific Land Corporation,"corporation, land, pacific, texas, tpl",TPL
Textron,"textron, txt",TXT
Thermo Fisher Scientific,"fisher, scientific, thermo, tmo",TMO
TJX Companies,"companies, tjx",TJX
TKO Group Holdings,"group, holdings, tko",TKO
Tractor Supply,"supply, tractor, tsco",TSCO
Trane Technologies,"technologies, trane, tt",TT
TransDigm Group,"group, tdg, transdigm",TDG
Travelers Companies (The),"(the), companies, travelers, trv",TRV
Trimble Inc.,"trimble, trmb",TRMB
Truist Financial,"financial, tfc, truist",TFC
Tyler Technologies,"technologies, tyl, tyler",TYL
Tyson Foods,"foods, tsn, tyson",TSN
U.S. Bancorp,"bancorp, u.s., usb",USB
Uber,uber,UBER
"UDR, Inc.","udr, udr,",UDR
Ulta Beauty,"beauty, ulta",ULTA
Union Pacific Corporation,"corporation, pacific, union, unp",UNP
United Airlines Holdings,"airlines, holdings, ual, united",UAL
United Parcel Service,"parcel, rvice, united, ups",UPS
United Rentals,"rentals, united, uri",URI
UnitedHealth Group,"group, unh, unitedhealth",UNH
Universal Health Services,"health, rvices, uhs, universal",UHS
Valero Energy,"energy, valero, vlo",VLO
Ventas,"ventas, vtr",VTR
Veralto,"veralto, vlto",VLTO
Verisign,"verisign, vrsn",VRSN
Verizon,"verizon, vz",VZ
Viatris,"viatris, vtrs",VTRS
Vici Properties,"properties, vici",VICI
Visa Inc.,"v, visa",V
Vistra Corp.,"vistra, vst",VST
Vulcan Materials Company,"company, materials, vmc, vulcan",VMC
W. R. Berkley Corporation,"berkley, corporation, r., w., wrb",WRB
W. W. Grainger,"grainger, gww, w.",GWW
Wabtec,"wab, wabtec",WAB
Walgreens Boots Alliance,"alliance, boots, walgreens, wba",WBA
Walmart,"walmart, wmt",WMT
Walt Disney Company (The),"(the), company, dis, disney, walt",DIS
Waste Management,"manement, waste, wm",WM
Waters Corporation,"corporation, wat, waters",WAT
WEC Energy Group,"energy, group, wec",WEC
Wells Fargo,"fargo, wells, wfc",WFC
Welltower,"well, welltower",WELL
West Pharmaceutical Services,"pharmaceutical, rvices, west, wst",WST
Western Digital,"digital, wdc, western",WDC
Weyerhaeuser,"weyerhaeur, wy",WY
"Williams-Sonoma, Inc.","williams-sonoma,, wsm",WSM
Williams Companies,"companies, williams, wmb",WMB
Willis Towers Watson,"towers, watson, willis, wtw",WTW
Wynn Resorts,"resorts, wynn",WYNN
Xylem Inc.,"xyl, xylem",XYL
Yum! Brands,"brands, yum, yum!",YUM
Zebra Technologies,"technologies, zbra, zebra",ZBRA
Zimmer Biomet,"biomet, zbh, zimmer",ZBH
Zoetis,"zoetis, zts",ZTS
NESTLE Food & Beverage,"NESTLE, NESTLE Food & Beverage, NF&B",FIDA-USD
NOVARTIS Health Care,"NHC, NOVARTIS, NOVARTIS Health Care",NESN.SW
ROCHE HLDG P Health Care,"ROCHE, ROCHE  P Health Care, ROCHE HLDG P Health Care, RPHC",NVS
HSBC Banks,"HB, HSBC, HSBC Banks",ROG.SW
TOTAL Oil & Gas,"TO&G, TOTAL, TOTAL Oil & Gas",HSBC
BRITISH AMERICAN TOBACCO Personal & Household Goods,"BATP&HG, BRITISH, BRITISH AMERICAN TOBACCO Personal & Household Goods",VTI
NOVO NORDISK B Health Care,"NNBHC, NOVO, NOVO NORDISK B Health Care",PSF=F
GLAXOSMITHKLINE Health Care,"GHC, GLAXOSMITHKLINE, GLAXOSMITHKLINE Health Care",NVO
ROYAL DUTCH SHELL A Oil & Gas,"RDSAO&G, ROYAL, ROYAL DUTCH SHELL A Oil & Gas",GLAXO.NS
SANOFI Health Care,"SANOFI, SANOFI Health Care, SHC",RY.TO
BP Oil & Gas,"BO&G, BP Oil & Gas",SNY
ANHEUSER-BUSCH INBEV Food & Beverage,"AIF&B, ANHEUSER-BUSCH, ANHEUSER-BUSCH INBEV Food & Beverage",BP
BAYER Chemicals,"BAYER, BAYER Chemicals, BC",BUD
VODAFONE GRP Telecommunications,"VODAFONE, VODAFONE  Telecommunications, VODAFONE GRP Telecommunications, VT",BAYN.DE
SIEMENS Industrial Goods & Services,"SIEMENS, SIEMENS Industrial Goods & Services, SIG&S",VOD
SAP Technology,"SAP, SAP Technology, ST",SIE.DE
DAIMLER Automobiles & Parts,"DA&P, DAIMLER, DAIMLER Automobiles & Parts",SAP
ALLIANZ Insurance,"AI, ALLIANZ, ALLIANZ Insurance",DTG.DE
ASTRAZENECA Health Care,"AHC, ASTRAZENECA, ASTRAZENECA Health Care",ALV.DE
UNILEVER NV Personal & Household Goods,"UNILEVER, UNILEVER  Personal & Household Goods, UNILEVER NV Personal & Household Goods, UP&HG",AZN
BCO SANTANDER Banks,"BCO, BCO SANTANDER Banks, BSB",UL
BASF Chemicals,"BASF, BASF Chemicals, BC",BCO
DIAGEO Food & Beverage,"DF&B, DIAGEO, DIAGEO Food & Beverage",BAS.DE
LLOYDS BANKING GRP Banks,"LBB, LLOYDS, LLOYDS BANKING  Banks, LLOYDS BANKING GRP Banks",DEO
RECKITT BENCKISER GRP Personal & Household Goods,"RBP&HG, RECKITT, RECKITT BENCKISER  Personal & Household Goods, RECKITT BENCKISER GRP Personal & Household Goods",LLOY.L
SABMILLER Food & Beverage,"SABMILLER, SABMILLER Food & Beverage, SF&B",RKT.L
UBS GROUP Banks,"UB, UBS, UBS  Banks, UBS GROUP Banks",Not found
UNILEVER PLC Personal & Household Goods,"UNILEVER, UNILEVER  Personal & Household Goods, UNILEVER PLC Personal & Household Goods, UP&HG",UBS
BNP PARIBAS Banks,"BNP, BNP PARIBAS Banks, BPB",UL
BT GRP Telecommunications,"BT, BT  Telecommunications, BT GRP Telecommunications",BNP.PA
DEUTSCHE TELEKOM Telecommunications,"DEUTSCHE, DEUTSCHE TELEKOM Telecommunications, DTT",BTC=F
NATIONAL GRID Utilities,"NATIONAL, NATIONAL GRID Utilities, NGU",DB
IMPERIAL BRANDS Personal & Household Goods,"IBP&HG, IMPERIAL, IMPERIAL BRANDS Personal & Household Goods",FNMA
AXA Insurance,"AI, AXA, AXA Insurance",CM.TO
PRUDENTIAL Insurance,"PI, PRUDENTIAL, PRUDENTIAL Insurance",CS.PA
ING GRP Banks,"IB, ING, ING  Banks, ING GRP Banks",PRU
TELEFONICA Telecommunications,"TELEFONICA, TELEFONICA Telecommunications, TT",ING
LVMH MOET HENNESSY Personal & Household Goods,"LMHP&HG, LVMH, LVMH MOET HENNESSY Personal & Household Goods",VIV
BCO BILBAO VIZCAYA ARGENTARIA Banks,"BBVAB, BCO, BCO BILBAO VIZCAYA ARGENTARIA Banks",MC.PA
L'OREAL Personal & Household Goods,"L'OREAL, L'OREAL Personal & Household Goods, LP&HG",BCO
DANONE Food & Beverage,"DANONE, DANONE Food & Beverage, DF&B",OR.PA
ABB Industrial Goods & Services,"ABB, ABB Industrial Goods & Services, AIG&S",BN.PA
VINCI Construction & Materials,"VC&M, VINCI, VINCI Construction & Materials",ABBV
INTESA SANPAOLO Banks,"INTESA, INTESA SANPAOLO Banks, ISB",DG.PA
AIRBUS GROUP SE Industrial Goods & Services,"AIG&S, AIRBUS, AIRBUS   Industrial Goods & Services, AIRBUS GROUP SE Industrial Goods & Services",ISP.MI
BARCLAYS Banks,"BARCLAYS, BARCLAYS Banks, BB",AIR.PA
ENI Oil & Gas,"ENI, ENI Oil & Gas, EO&G",BARC.L
IBERDROLA Utilities,"IBERDROLA, IBERDROLA Utilities, IU",EI4.SG
SYNGENTA Chemicals,"SC, SYNGENTA, SYNGENTA Chemicals",IBE.MC
AIR LIQUIDE Chemicals,"AIR, AIR LIQUIDE Chemicals, ALC",Not found
SCHNEIDER ELECTRIC Industrial Goods & Services,"SCHNEIDER, SCHNEIDER ELECTRIC Industrial Goods & Services, SEIG&S",AIR
ASML HLDG Technology,"ASML, ASML  Technology, ASML HLDG Technology, AT",SNDR
ORANGE Telecommunications,"ORANGE, ORANGE Telecommunications, OT",ASML
RIO TINTO Basic Resources,"RIO, RIO TINTO Basic Resources, RTBR",OJ=F
Industria de Diseno Textil SA Retail,"IDDTR, Industria, Industria de Diseno Textil  Retail, Industria de Diseno Textil SA Retail",RIO
ZURICH INSURANCE GROUP Insurance,"ZII, ZURICH, ZURICH INSURANCE  Insurance, ZURICH INSURANCE GROUP Insurance",^DJI
CIE FINANCIERE RICHEMONT Personal & Household Goods,"CFRP&HG, CIE, CIE FINANCIERE RICHEMONT Personal & Household Goods",ZURN.SW
NOKIA Technology,"NOKIA, NOKIA Technology, NT",CIEN
GRP SOCIETE GENERALE Banks,"GRP SOCIETE GENERALE Banks, SGB, SOCIETE, SOCIETE GENERALE Banks",NOK
NORDEA BANK Banks,"NBB, NORDEA, NORDEA BANK Banks",GRPN
SHIRE Health Care,"SHC, SHIRE, SHIRE Health Care",NDA-FI.HE
SWISS REINSURANCE COMPANY Insurance,"SRI, SWISS, SWISS REINSURANCE  Insurance, SWISS REINSURANCE COMPANY Insurance",SHRS.L
HENNES & MAURITZ B Retail,"H&MBR, HENNES, HENNES & MAURITZ B Retail",SJY=F
ENEL Utilities,"ENEL, ENEL Utilities, EU",MC.PA
MUENCHENER RUECK Insurance,"MRI, MUENCHENER, MUENCHENER RUECK Insurance",ENEL.MI
WPP Media,"WM, WPP, WPP Media",MUV2.DE
ERICSSON LM B Technology,"ELBT, ERICSSON, ERICSSON LM B Technology",WPP
BMW Automobiles & Parts,"BA&P, BMW, BMW Automobiles & Parts",ERIC
COMPASS GRP Travel & Leisure,"COMPASS, COMPASS  Travel & Leisure, COMPASS GRP Travel & Leisure, CT&L",BMW.DE
AVIVA Insurance,"AI, AVIVA, AVIVA Insurance",CMPS
GLENCORE PLC Basic Resources,"GBR, GLENCORE, GLENCORE  Basic Resources, GLENCORE PLC Basic Resources",AV.L
FRESENIUS Health Care,"FHC, FRESENIUS, FRESENIUS Health Care",GLEN.L
UNIBAIL-RODAMCO Real Estate,"UNIBAIL-RODAMCO, UNIBAIL-RODAMCO Real Estate, URE",FRE.DE
PHILIPS Industrial Goods & Services,"PHILIPS, PHILIPS Industrial Goods & Services, PIG&S",URW.PA
DEUTSCHE BANK Banks,"DBB, DEUTSCHE, DEUTSCHE BANK Banks",PHG
ESSILOR INTERNATIONAL Health Care,"EHC, ESSILOR, ESSILOR  Health Care, ESSILOR INTERNATIONAL Health Care",DB
DEUTSCHE POST Industrial Goods & Services,"DEUTSCHE, DEUTSCHE POST Industrial Goods & Services, DPIG&S",ESLOY
ENGIE Utilities,"ENGIE, ENGIE Utilities, EU",DB
BHP BILLITON Basic Resources,"BBBR, BHP, BHP BILLITON Basic Resources",ENGI.PA
VIVENDI Media,"VIVENDI, VIVENDI Media, VM",BHP
UNICREDIT Banks,"UB, UNICREDIT, UNICREDIT Banks",VVUD.F
LINDE Chemicals,"LC, LINDE, LINDE Chemicals",UCG.MI
VOLKSWAGEN PREF Automobiles & Parts,"VOLKSWAGEN, VOLKSWAGEN PREF Automobiles & Parts, VPA&P",LIN
CREDIT SUISSE GRP Banks,"CREDIT, CREDIT SUISSE  Banks, CREDIT SUISSE GRP Banks, CSB",VOW3.DE
PERNOD RICARD Food & Beverage,"PERNOD, PERNOD RICARD Food & Beverage, PRF&B",ECC
SAMPO Insurance,"SAMPO, SAMPO Insurance, SI",RI.PA
CONTINENTAL Automobiles & Parts,"CA&P, CONTINENTAL, CONTINENTAL Automobiles & Parts",SAMPO.HE
ADIDAS Personal & Household Goods,"ADIDAS, ADIDAS Personal & Household Goods, AP&HG",CON.DE
SAFRAN Industrial Goods & Services,"SAFRAN, SAFRAN Industrial Goods & Services, SIG&S",ADS.DE
CRH Construction & Materials,"CC&M, CRH, CRH Construction & Materials",SAF.PA
BAE SYSTEMS Industrial Goods & Services,"BAE, BAE SYSTEMS Industrial Goods & Services, BSIG&S",CRH
SCOTTISH & SOUTHERN ENERGY Utilities,"S&SEU, SCOTTISH, SCOTTISH & SOUTHERN ENERGY Utilities",BAER
TESCO Retail,"TESCO, TESCO Retail, TR",SMT.L
SAINT GOBAIN Construction & Materials,"SAINT, SAINT GOBAIN Construction & Materials, SGC&M",TSCO.L
LEGAL & GENERAL GRP Insurance,"L&GI, LEGAL, LEGAL & GENERAL  Insurance, LEGAL & GENERAL GRP Insurance",SGO.PA
ASSICURAZIONI GENERALI Insurance,"AGI, ASSICURAZIONI, ASSICURAZIONI GENERALI Insurance",LGEN.L
SWEDBANK Banks,"SB, SWEDBANK, SWEDBANK Banks",G.MI
ARM Technology,"ARM, ARM Technology, AT",SWED-A.ST
REED ELSEVIER PLC Media,"REED, REED ELSEVIER  Media, REED ELSEVIER PLC Media, REM",ARM
STEINHOFF N.V. Personal & Household Goods,"SNP&HG, STEINHOFF, STEINHOFF N.V. Personal & Household Goods",REED
RENAULT Automobiles & Parts,"RA&P, RENAULT, RENAULT Automobiles & Parts",Not found
DANSKE BANK Banks,"DANSKE, DANSKE BANK Banks, DBB",RNO.PA
SVENSKA HANDELSBANKEN A Banks,"SHAB, SVENSKA, SVENSKA HANDELSBANKEN A Banks",DANSKE.CO
LafargeHolcim Construction & Materials,"LC&M, LafargeHolcim, LafargeHolcim Construction & Materials",SHB-A.ST
KONE B Industrial Goods & Services,"KBIG&S, KONE, KONE B Industrial Goods & Services",Not found
STANDARD CHARTERED Banks,"SCB, STANDARD, STANDARD CHARTERED Banks",KNEBV.HE
E.ON Utilities,"E.ON, E.ON Utilities, EU",CNH=F
ASSA ABLOY Construction & Materials,"AAC&M, ASSA, ASSA ABLOY Construction & Materials",EOAN.DE
HENKEL PREF Personal & Household Goods,"HENKEL, HENKEL PREF Personal & Household Goods, HPP&HG",ASAI3.SA
HEINEKEN Food & Beverage,"HEINEKEN, HEINEKEN Food & Beverage, HF&B",1HEN3.MI
ROLLS ROYCE HLDG Industrial Goods & Services,"ROLLS, ROLLS ROYCE  Industrial Goods & Services, ROLLS ROYCE HLDG Industrial Goods & Services, RRIG&S",4H5.F
MICHELIN Automobiles & Parts,"MA&P, MICHELIN, MICHELIN Automobiles & Parts",RYCEY
FRESENIUS MEDICAL CARE Health Care,"FMCHC, FRESENIUS, FRESENIUS MEDICAL CARE Health Care",ML.PA
AMADEUS IT HLDG Industrial Goods & Services,"AIIG&S, AMADEUS, AMADEUS IT  Industrial Goods & Services, AMADEUS IT HLDG Industrial Goods & Services",FRE.DE
SVENSKA CELLULOSA B Personal & Household Goods,"SCBP&HG, SVENSKA, SVENSKA CELLULOSA B Personal & Household Goods",AAD.VI
ASSOCIATED BRITISH FOODS Food & Beverage,"ABFF&B, ASSOCIATED, ASSOCIATED BRITISH FOODS Food & Beverage",SHB-A.ST
VOLVO B Industrial Goods & Services,"VBIG&S, VOLVO, VOLVO B Industrial Goods & Services",ASB
STATOIL Oil & Gas,"SO&G, STATOIL, STATOIL Oil & Gas",VOLCAR-B.ST
RELX NV Media,"RELX, RELX  Media, RELX NV Media, RM",^700499-EUR-NETR
SKANDINAVISKA ENSKILDA BK A Banks,"SEBAB, SKANDINAVISKA, SKANDINAVISKA ENSKILDA BK A Banks",RELX
EXPERIAN Industrial Goods & Services,"EIG&S, EXPERIAN, EXPERIAN Industrial Goods & Services",SEBA.F
CENTRICA Utilities,"CENTRICA, CENTRICA Utilities, CU",EXPN.L
AHOLD Retail,"AHOLD, AHOLD Retail, AR",CNA.L
INVESTOR B Financial Services,"IBFS, INVESTOR, INVESTOR B Financial Services",AD.AS
DEUTSCHE BOERSE Financial Services,"DBFS, DEUTSCHE, DEUTSCHE BOERSE Financial Services",OHI
AKZO NOBEL Chemicals,"AKZO, AKZO NOBEL Chemicals, ANC",DB
ATLAS COPCO A Industrial Goods & Services,"ACAIG&S, ATLAS, ATLAS COPCO A Industrial Goods & Services",AKU1.F
VESTAS WIND SYSTEMS Oil & Gas,"VESTAS, VESTAS WIND SYSTEMS Oil & Gas, VWSO&G",TEAM
INFINEON TECHNOLOGIES Technology,"INFINEON, INFINEON TECHNOLOGIES Technology, ITT",VWS.CO
CAP GEMINI Technology,"CAP, CAP GEMINI Technology, CGT",IFNNY
SKY Media,"SKY, SKY Media, SM",USC=F
PANDORA Personal & Household Goods,"PANDORA, PANDORA Personal & Household Goods, PP&HG",SKY
GIVAUDAN Chemicals,"GC, GIVAUDAN, GIVAUDAN Chemicals",PNDORA.CO
Vonovia SE Real Estate,"VRE, Vonovia, Vonovia  Real Estate, Vonovia SE Real Estate",GIVN.SW
CARREFOUR Retail,"CARREFOUR, CARREFOUR Retail, CR",VNA.DE
SMITH & NEPHEW Health Care,"S&NHC, SMITH, SMITH & NEPHEW Health Care",CA.PA
WOLSELEY Industrial Goods & Services,"WIG&S, WOLSELEY, WOLSELEY Industrial Goods & Services",SWBI
NEXT Retail,"NEXT, NEXT Retail, NR",Not found
LEGRAND Industrial Goods & Services,"LEGRAND, LEGRAND Industrial Goods & Services, LIG&S",NEXT
ACTELION Health Care,"ACTELION, ACTELION Health Care, AHC",LRC.F
PUBLICIS GRP Media,"PM, PUBLICIS, PUBLICIS  Media, PUBLICIS GRP Media",Not found
TELIASONERA Telecommunications,"TELIASONERA, TELIASONERA Telecommunications, TT",PUB.PA
OLD MUTUAL Insurance,"OLD, OLD MUTUAL Insurance, OMI",Not found
KPN Telecommunications,"KPN, KPN Telecommunications, KT",ODFL
KERRY GRP Food & Beverage,"KERRY, KERRY  Food & Beverage, KERRY GRP Food & Beverage, KF&B",KPN.AS
KBC GRP Banks,"KB, KBC, KBC  Banks, KBC GRP Banks",KRZA.F
GEBERIT Construction & Materials,"GC&M, GEBERIT, GEBERIT Construction & Materials",KBC.BR
SWISSCOM Telecommunications,"ST, SWISSCOM, SWISSCOM Telecommunications",GBRE.F
CREDIT AGRICOLE Banks,"CAB, CREDIT, CREDIT AGRICOLE Banks",SWJ.F
LONDON STOCK EXCHANGE Financial Services,"LONDON, LONDON STOCK EXCHANGE Financial Services, LSEFS",ECC
Kering Retail,"KR, Kering, Kering Retail",OLOXF
ITV Media,"IM, ITV, ITV Media",KER.PA
ATLANTIA Industrial Goods & Services,"AIG&S, ATLANTIA, ATLANTIA Industrial Goods & Services",IJ7.F
SNAM RETE GAS Utilities,"SNAM, SNAM RETE GAS Utilities, SRGU",Not found
TELECOM ITALIA Telecommunications,"TELECOM, TELECOM ITALIA Telecommunications, TIT",SRG.MI
REPSOL Oil & Gas,"REPSOL, REPSOL Oil & Gas, RO&G",CMTL
VALEO Automobiles & Parts,"VA&P, VALEO, VALEO Automobiles & Parts",REP.MC
LAND SECURITIES Real Estate,"LAND, LAND SECURITIES Real Estate, LSRE",FR.PA
WOLTERS KLUWER Media,"WKM, WOLTERS, WOLTERS KLUWER Media",LAND
KINGFISHER Retail,"KINGFISHER, KINGFISHER Retail, KR",WOS.F
HEIDELBERGCEMENT Construction & Materials,"HC&M, HEIDELBERGCEMENT, HEIDELBERGCEMENT Construction & Materials",0P00016C12.L
SANDVIK Industrial Goods & Services,"SANDVIK, SANDVIK Industrial Goods & Services, SIG&S",HEI.MU
ANGLO AMERICAN Basic Resources,"AABR, ANGLO, ANGLO AMERICAN Basic Resources",SAND.ST
SGS Industrial Goods & Services,"SGS, SGS Industrial Goods & Services, SIG&S",AU
DNB Banks,"DB, DNB, DNB Banks",SGSUL.XC
TELENOR Telecommunications,"TELENOR, TELENOR Telecommunications, TT",DNB
ADECCO Industrial Goods & Services,"ADECCO, ADECCO Industrial Goods & Services, AIG&S",TEL.OL
VEOLIA ENVIRONNEMENT Utilities,"VEOLIA, VEOLIA ENVIRONNEMENT Utilities, VEU",AHEXY
PROSIEBENSAT.1 MEDIA Media,"PMM, PROSIEBENSAT.1, PROSIEBENSAT.1 MEDIA Media",VEOEF
SWATCH BEARER Personal & Household Goods,"SBP&HG, SWATCH, SWATCH BEARER Personal & Household Goods",PSM.HA
DELHAIZE GRP Retail,"DELHAIZE, DELHAIZE  Retail, DELHAIZE GRP Retail, DR",UHR.SW
BOUYGUES Construction & Materials,"BC&M, BOUYGUES, BOUYGUES Construction & Materials",AD.AS
PADDY POWER BETFAIR Travel & Leisure,"PADDY, PADDY POWER BETFAIR Travel & Leisure, PPBT&L",EN.PA
MERCK Health Care,"MERCK, MERCK Health Care, MHC",Not found
ROYAL BANK OF SCOTLAND GRP Banks,"RBOSB, ROYAL, ROYAL BANK OF SCOTLAND  Banks, ROYAL BANK OF SCOTLAND GRP Banks",MRK
AEGON Insurance,"AEGON, AEGON Insurance, AI",RY.TO
PEARSON Media,"PEARSON, PEARSON Media, PM",AEG
DASSAULT SYSTEMS Technology,"DASSAULT, DASSAULT SYSTEMS Technology, DST",PSO
STANDARD LIFE Insurance,"SLI, STANDARD, STANDARD LIFE Insurance",DSY.PA
WHITBREAD Travel & Leisure,"WHITBREAD, WHITBREAD Travel & Leisure, WT&L",CNH=F
SODEXO Travel & Leisure,"SODEXO, SODEXO Travel & Leisure, ST&L",WHF4.F
LUXOTTICA Personal & Household Goods,"LP&HG, LUXOTTICA, LUXOTTICA Personal & Household Goods",SJ7.F
CAPITA GRP Industrial Goods & Services,"CAPITA, CAPITA  Industrial Goods & Services, CAPITA GRP Industrial Goods & Services, CIG&S",Not found
RYANAIR Travel & Leisure,"RT&L, RYANAIR, RYANAIR Travel & Leisure",OXLC
SES Media,"SES, SES Media, SM",RYA.IR
INTERCONTINENTAL HOTELS GRP Travel & Leisure,"IHT&L, INTERCONTINENTAL, INTERCONTINENTAL HOTELS  Travel & Leisure, INTERCONTINENTAL HOTELS GRP Travel & Leisure",SES
A.P.MOLLER-MAERSK B Industrial Goods & Services,"A.P.MOLLER-MAERSK, A.P.MOLLER-MAERSK B Industrial Goods & Services, ABIG&S",ICE
UCB Health Care,"UCB, UCB Health Care, UHC",Not found
BRITISH LAND COMPANY Real Estate,"BLRE, BRITISH, BRITISH LAND  Real Estate, BRITISH LAND COMPANY Real Estate",UCB
SAGE GRP Technology,"SAGE, SAGE  Technology, SAGE GRP Technology, ST",PSF=F
MARKS & SPENCER GRP Retail,"M&SR, MARKS, MARKS & SPENCER  Retail, MARKS & SPENCER GRP Retail",SAGE
FERROVIAL Construction & Materials,"FC&M, FERROVIAL, FERROVIAL Construction & Materials",MKS.L
KONINKLIJKE DSM Chemicals,"KDC, KONINKLIJKE, KONINKLIJKE DSM Chemicals",8ZQ.F
KLEPIERRE Real Estate,"KLEPIERRE, KLEPIERRE Real Estate, KRE",PHG
COMMERZBANK Banks,"CB, COMMERZBANK, COMMERZBANK Banks",KPR.F
JULIUS BAER GRP Banks,"JBB, JULIUS, JULIUS BAER  Banks, JULIUS BAER GRP Banks",CBK.DE
BCO SABADELL Banks,"BCO, BCO SABADELL Banks, BSB",BAER.SW
BUNZL Industrial Goods & Services,"BIG&S, BUNZL, BUNZL Industrial Goods & Services",BCO
CARNIVAL Travel & Leisure,"CARNIVAL, CARNIVAL Travel & Leisure, CT&L",BZLFY
HEXAGON B Technology,"HBT, HEXAGON, HEXAGON B Technology",CCL
CARLSBERG B Food & Beverage,"CARLSBERG, CARLSBERG B Food & Beverage, CBF&B",HEXA-B.ST
RED ELECTRICA CORPORATION Utilities,"RECU, RED, RED ELECTRICA CORPORATION Utilities",CARL-B.CO
DEUTSCHE WOHNEN Real Estate,"DEUTSCHE, DEUTSCHE WOHNEN Real Estate, DWRE",RDW
AENA Industrial Goods & Services,"AENA, AENA Industrial Goods & Services, AIG&S",DB
ACCOR Travel & Leisure,"ACCOR, ACCOR Travel & Leisure, AT&L",AENA.MC
PERSIMMON Personal & Household Goods,"PERSIMMON, PERSIMMON Personal & Household Goods, PP&HG",AC.PA
UPM KYMMENE Basic Resources,"UKBR, UPM, UPM KYMMENE Basic Resources",PSMMY
EDP ENERGIAS DE PORTUGAL Utilities,"EDP, EDP ENERGIAS DE PORTUGAL Utilities, EEDPU",UPM.HE
BEIERSDORF Personal & Household Goods,"BEIERSDORF, BEIERSDORF Personal & Household Goods, BP&HG",EDP.F
NOVOZYMES Health Care,"NHC, NOVOZYMES, NOVOZYMES Health Care",BEIA.F
UNITED UTILITIES GRP Utilities,"UNITED, UNITED UTILITIES  Utilities, UNITED UTILITIES GRP Utilities, UUU",NZM.F
COLOPLAST B Health Care,"CBHC, COLOPLAST, COLOPLAST B Health Care",UNH
CHRISTIAN DIOR Personal & Household Goods,"CDP&HG, CHRISTIAN, CHRISTIAN DIOR Personal & Household Goods",COLO-B.CO
TAYLOR WIMPEY Personal & Household Goods,"TAYLOR, TAYLOR WIMPEY Personal & Household Goods, TWP&HG",CHDRF
RANDGOLD RESOURCES Basic Resources,"RANDGOLD, RANDGOLD RESOURCES Basic Resources, RRBR",TWODY
BURBERRY Personal & Household Goods,"BP&HG, BURBERRY, BURBERRY Personal & Household Goods",RNDXF
LONZA Health Care,"LHC, LONZA, LONZA Health Care",BRBY.L
ERSTE GROUP BANK Banks,"EBB, ERSTE, ERSTE  BANK Banks, ERSTE GROUP BANK Banks",LZAGY
THALES Industrial Goods & Services,"THALES, THALES Industrial Goods & Services, TIG&S",EBS.VI
THYSSENKRUPP Industrial Goods & Services,"THYSSENKRUPP, THYSSENKRUPP Industrial Goods & Services, TIG&S",CSF.HM
AGEAS Insurance,"AGEAS, AGEAS Insurance, AI",TKA.DE
SWISS LIFE HLDG Insurance,"SLI, SWISS, SWISS LIFE  Insurance, SWISS LIFE HLDG Insurance",AGS.BR
GEA GRP Industrial Goods & Services,"GEA, GEA  Industrial Goods & Services, GEA GRP Industrial Goods & Services, GIG&S",SJY=F
BRENNTAG Chemicals,"BC, BRENNTAG, BRENNTAG Chemicals",GEAHF
IAG Travel & Leisure,"IAG, IAG Travel & Leisure, IT&L",BNTGY
BARRATT DEVELOPMENTS Personal & Household Goods,"BARRATT, BARRATT DEVELOPMENTS Personal & Household Goods, BDP&HG",IAG
SKANSKA B Construction & Materials,"SBC&M, SKANSKA, SKANSKA B Construction & Materials",3BAA.F
BANK OF IRELAND Banks,"BANK, BANK OF IRELAND Banks, BOIB",SKA-B.ST
SIKA Construction & Materials,"SC&M, SIKA, SIKA Construction & Materials",SXB=F
PEUGEOT Automobiles & Parts,"PA&P, PEUGEOT, PEUGEOT Automobiles & Parts",SIKB.F
HERMES INTERNATIONAL Personal & Household Goods,"HERMES, HERMES  Personal & Household Goods, HERMES INTERNATIONAL Personal & Household Goods, HP&HG",PEUGP.XD
PORSCHE PREF Automobiles & Parts,"PORSCHE, PORSCHE PREF Automobiles & Parts, PPA&P",RMS.PA
SYMRISE Chemicals,"SC, SYMRISE, SYMRISE Chemicals",PAH3.DE
NN GROUP Insurance,"NI, NN  Insurance, NN GROUP Insurance",SYIEY
LINDT & SPRUENGLI REG Food & Beverage,"L&SRF&B, LINDT, LINDT & SPRUENGLI REG Food & Beverage",NN
ARCELORMITTAL Basic Resources,"ABR, ARCELORMITTAL, ARCELORMITTAL Basic Resources",LISN.SW
KUEHNE + NAGEL Industrial Goods & Services,"K+NIG&S, KUEHNE, KUEHNE + NAGEL Industrial Goods & Services",MT
ABERTIS INFRAESTRUCTURAS Industrial Goods & Services,"ABERTIS, ABERTIS INFRAESTRUCTURAS Industrial Goods & Services, AIIG&S",KNIN.SW
TERNA Utilities,"TERNA, TERNA Utilities, TU",Not found
CAIXABANK Banks,"CAIXABANK, CAIXABANK Banks, CB",TEZNY
TUI Travel & Leisure,"TT&L, TUI, TUI Travel & Leisure",0P0000CO1H.F
SCHINDLER P Industrial Goods & Services,"SCHINDLER, SCHINDLER P Industrial Goods & Services, SPIG&S",TUI1.DE
DSV B Industrial Goods & Services,"DBIG&S, DSV, DSV B Industrial Goods & Services",SHR.F
JOHNSON MATTHEY Chemicals,"JMC, JOHNSON, JOHNSON MATTHEY Chemicals",DSVSF
DIRECT LINE INSURANCE GROUP Insurance,"DIRECT, DIRECT LINE INSURANCE  Insurance, DIRECT LINE INSURANCE GROUP Insurance, DLII",JNJ
DCC Industrial Goods & Services,"DCC, DCC Industrial Goods & Services, DIG&S",MSM
SEVERN TRENT Utilities,"SEVERN, SEVERN TRENT Utilities, STU",DCC.F
HEINEKEN HLDG Food & Beverage,"HEINEKEN, HEINEKEN  Food & Beverage, HEINEKEN HLDG Food & Beverage, HF&B",STRNY
INTERTEK GRP Industrial Goods & Services,"IIG&S, INTERTEK, INTERTEK  Industrial Goods & Services, INTERTEK GRP Industrial Goods & Services",4H5.F
FIAT CHRYSLER AUTOMOBILES Automobiles & Parts,"FCAA&P, FIAT, FIAT CHRYSLER AUTOMOBILES Automobiles & Parts",IKTSF
GKN Automobiles & Parts,"GA&P, GKN, GKN Automobiles & Parts",FIAT
SOLVAY Chemicals,"SC, SOLVAY, SOLVAY Chemicals",Not found
PARTNERS GRP HLDG Financial Services,"PARTNERS, PARTNERS   Financial Services, PARTNERS GRP HLDG Financial Services, PFS",SOLBB.XC
ATOS Technology,"AT, ATOS, ATOS Technology",EPD
ST.JAMES'S PLACE CAPITAL Insurance,"SPCI, ST.JAMES'S, ST.JAMES'S PLACE CAPITAL Insurance",ATOS
MONDI Basic Resources,"MBR, MONDI, MONDI Basic Resources",Not found
SONOVA Health Care,"SHC, SONOVA, SONOVA Health Care",0P0001JQ40.TO
GAS NATURAL SDG Utilities,"GAS, GAS NATURAL SDG Utilities, GNSU",PHBN.F
RSA INSURANCE GRP Insurance,"RII, RSA, RSA INSURANCE  Insurance, RSA INSURANCE GRP Insurance",NG=F
CNH Industrial NV Industrial Goods & Services,"CIIG&S, CNH, CNH Industrial  Industrial Goods & Services, CNH Industrial NV Industrial Goods & Services",RSASF
ORKLA Food & Beverage,"OF&B, ORKLA, ORKLA Food & Beverage",CNH
WARTSILA Industrial Goods & Services,"WARTSILA, WARTSILA Industrial Goods & Services, WIG&S",OKL.F
MORRISON (WILLIAM) SUPERMARK Retail,"M(SR, MORRISON, MORRISON (WILLIAM) SUPERMARK Retail",WRTBF
HANNOVER RUECK Insurance,"HANNOVER, HANNOVER RUECK Insurance, HRI",TMHC
ENAGAS Utilities,"ENAGAS, ENAGAS Utilities, EU",HNR1.DE
SKF B Industrial Goods & Services,"SBIG&S, SKF, SKF B Industrial Goods & Services",ENGGY
GRP BRUXELLES LAMBERT Financial Services,"BLFS, BRUXELLES, BRUXELLES LAMBERT Financial Services, GRP BRUXELLES LAMBERT Financial Services",SKF
GENMAB Health Care,"GENMAB, GENMAB Health Care, GHC",GRPN
FORTUM Utilities,"FORTUM, FORTUM Utilities, FU",GMAB.CO
SWEDISH MATCH Personal & Household Goods,"SMP&HG, SWEDISH, SWEDISH MATCH Personal & Household Goods",FORTUM.HE
TRAVIS PERKINS Industrial Goods & Services,"TPIG&S, TRAVIS, TRAVIS PERKINS Industrial Goods & Services",SEK=F
RANDSTAD Industrial Goods & Services,"RANDSTAD, RANDSTAD Industrial Goods & Services, RIG&S",TPRKY
ALTICE NV A Telecommunications,"AAT, ALTICE, ALTICE  A Telecommunications, ALTICE NV A Telecommunications",RSH0.SG
HAMMERSON Real Estate,"HAMMERSON, HAMMERSON Real Estate, HRE",ATUS
DIXONS CARPHONE Retail,"DCR, DIXONS, DIXONS CARPHONE Retail",HMSNF
INVESTMENT KINNEVIK B Financial Services,"IKBFS, INVESTMENT, INVESTMENT KINNEVIK B Financial Services",Not found
INFORMA Media,"IM, INFORMA, INFORMA Media",AGNC
BALOISE Insurance,"BALOISE, BALOISE Insurance, BI",VGT
ASHTEAD GRP Industrial Goods & Services,"AIG&S, ASHTEAD, ASHTEAD  Industrial Goods & Services, ASHTEAD GRP Industrial Goods & Services",BLO.SG
ILIAD Technology,"ILIAD, ILIAD Technology, IT",AHT.L
REXAM Industrial Goods & Services,"REXAM, REXAM Industrial Goods & Services, RIG&S",Not found
YARA Chemicals,"YARA, YARA Chemicals, YC",Not found
TECHNIP Oil & Gas,"TECHNIP, TECHNIP Oil & Gas, TO&G",YAR.OL
GRIFOLS Health Care,"GHC, GRIFOLS, GRIFOLS Health Care",FTI
3I GRP Financial Services,"3FS, 3I  Financial Services, 3I GRP Financial Services",GRF.MC
CHR HANSEN HLDG Health Care,"CHHC, CHR, CHR HANSEN  Health Care, CHR HANSEN HLDG Health Care",TGOPY
PROVIDENT FINANCIAL Financial Services,"PFFS, PROVIDENT, PROVIDENT FINANCIAL Financial Services",CHR
SMITHS GRP Industrial Goods & Services,"SIG&S, SMITHS, SMITHS  Industrial Goods & Services, SMITHS GRP Industrial Goods & Services",PFS
BERKELEY GRP HLDG Personal & Household Goods,"BERKELEY, BERKELEY   Personal & Household Goods, BERKELEY GRP HLDG Personal & Household Goods, BP&HG",T6N.F
SCOR Insurance,"SCOR, SCOR Insurance, SI",BKY.AX
ENDESA Utilities,"ENDESA, ENDESA Utilities, EU",SCOR
EIFFAGE Construction & Materials,"EC&M, EIFFAGE, EIFFAGE Construction & Materials",ENA.F
ADMIRAL GRP Insurance,"ADMIRAL, ADMIRAL  Insurance, ADMIRAL GRP Insurance, AI",EF3.F
SWISS PRIME SITE Real Estate,"SPSRE, SWISS, SWISS PRIME SITE Real Estate",VFIAX
UNITED INTERNET Technology,"UIT, UNITED, UNITED INTERNET Technology",SJY=F
INMARSAT Telecommunications,"INMARSAT, INMARSAT Telecommunications, IT",UNH
ELECTROLUX B Personal & Household Goods,"EBP&HG, ELECTROLUX, ELECTROLUX B Personal & Household Goods",Not found
RWE Utilities,"RU, RWE, RWE Utilities",ELXA.F
CRODA INTERNATIONAL Chemicals,"CC, CRODA, CRODA  Chemicals, CRODA INTERNATIONAL Chemicals",RWE.DE
INGENICO Technology,"INGENICO, INGENICO Technology, IT",CRDA.L
GEMALTO Technology,"GEMALTO, GEMALTO Technology, GT",Not found
SUEZ ENVIRONNEMENT Utilities,"SEU, SUEZ, SUEZ ENVIRONNEMENT Utilities",Not found
ACS Construction & Materials,"AC&M, ACS, ACS Construction & Materials",SUEZF
RIGHTMOVE GRP Media,"RIGHTMOVE, RIGHTMOVE  Media, RIGHTMOVE GRP Media, RM",6232.T
BUREAU VERITAS Industrial Goods & Services,"BUREAU, BUREAU VERITAS Industrial Goods & Services, BVIG&S",3JDA.F
FERRARI Automobiles & Parts,"FA&P, FERRARI, FERRARI Automobiles & Parts",4BV.F
SAINSBURY (J) Retail,"S(R, SAINSBURY, SAINSBURY (J) Retail",RACE
ELISA CORPORATION Telecommunications,"ECT, ELISA, ELISA CORPORATION Telecommunications",SBRY.L
ROYAL MAIL Industrial Goods & Services,"RMIG&S, ROYAL, ROYAL MAIL Industrial Goods & Services",EIA.F
DS SMITH Industrial Goods & Services,"DS SMITH Industrial Goods & Services, DSIG&S",RY.TO
TENARIS Basic Resources,"TBR, TENARIS, TENARIS Basic Resources",DSVSF
BCO POPULAR ESPANOL Banks,"BCO, BCO POPULAR ESPANOL Banks, BPEB",TS
LEG IMMOBILIEN Real Estate,"LEG, LEG IMMOBILIEN Real Estate, LIRE",BCO
NORSK HYDRO Basic Resources,"NHBR, NORSK, NORSK HYDRO Basic Resources",LEG
SMURFIT KAPPA GRP Industrial Goods & Services,"SKIG&S, SMURFIT, SMURFIT KAPPA  Industrial Goods & Services, SMURFIT KAPPA GRP Industrial Goods & Services",NHY.OL
MARINE HARVEST Food & Beverage,"MARINE, MARINE HARVEST Food & Beverage, MHF&B",SW
GALP ENERGIA Oil & Gas,"GALP, GALP ENERGIA Oil & Gas, GEO&G",OMEX
GRP EUROTUNNEL Industrial Goods & Services,"EIG&S, EUROTUNNEL, EUROTUNNEL Industrial Goods & Services, GRP EUROTUNNEL Industrial Goods & Services",GZ5.F
GALENICA Retail,"GALENICA, GALENICA Retail, GR",GRPN
QIAGEN Health Care,"QHC, QIAGEN, QIAGEN Health Care",GALE.SW
ISS AS Industrial Goods & Services,"IAIG&S, ISS, ISS AS Industrial Goods & Services",QGEN
ALFA LAVAL Industrial Goods & Services,"ALFA, ALFA LAVAL Industrial Goods & Services, ALIG&S",ISSC
STORA ENSO R Basic Resources,"SERBR, STORA, STORA ENSO R Basic Resources",ALFAA.MX
DERWENT LONDON Real Estate,"DERWENT, DERWENT LONDON Real Estate, DLRE",PSTG
GECINA Real Estate,"GECINA, GECINA Real Estate, GRE",DVK.MU
CLARIANT Chemicals,"CC, CLARIANT, CLARIANT Chemicals",GI6A.F
ARKEMA Chemicals,"AC, ARKEMA, ARKEMA Chemicals",CLN.SW
SECURITAS B Industrial Goods & Services,"SBIG&S, SECURITAS, SECURITAS B Industrial Goods & Services",ARKAY
EUTELSAT COMMUNICATION Media,"ECM, EUTELSAT, EUTELSAT COMMUNICATION Media",SECU-B.ST
FINMECCANICA Industrial Goods & Services,"FIG&S, FINMECCANICA, FINMECCANICA Industrial Goods & Services",ETL.PA
TELEPERFORMANCE Industrial Goods & Services,"TELEPERFORMANCE, TELEPERFORMANCE Industrial Goods & Services, TIG&S",Not found
MTU AERO ENGINES Industrial Goods & Services,"MAEIG&S, MTU, MTU AERO ENGINES Industrial Goods & Services",TEP.PA
PENNON GRP Utilities,"PENNON, PENNON  Utilities, PENNON GRP Utilities, PU",MTUM
NATIXIS Banks,"NATIXIS, NATIXIS Banks, NB",3PN.DU
WILLIAM HILL Travel & Leisure,"WHT&L, WILLIAM, WILLIAM HILL Travel & Leisure",0P0001GZ1C
PROXIMUS Telecommunications,"PROXIMUS, PROXIMUS Telecommunications, PT",SHW
MERLIN ENTERTAINMENTS Travel & Leisure,"MERLIN, MERLIN ENTERTAINMENTS Travel & Leisure, MET&L",PROX.BR
MEDA A Health Care,"MAHC, MEDA, MEDA A Health Care",0P00000DY5.L
NOKIAN RENKAAT Automobiles & Parts,"NOKIAN, NOKIAN RENKAAT Automobiles & Parts, NRA&P",MFIN
HARGREAVES LANSDOWN Financial Services,"HARGREAVES, HARGREAVES LANSDOWN Financial Services, HLFS",TYRES.HE
HALMA Industrial Goods & Services,"HALMA, HALMA Industrial Goods & Services, HIG&S",H6W.F
MEGGITT Industrial Goods & Services,"MEGGITT, MEGGITT Industrial Goods & Services, MIG&S",H11.F
BANKINTER Banks,"BANKINTER, BANKINTER Banks, BB",Not found
DUFRY GRP Retail,"DR, DUFRY, DUFRY  Retail, DUFRY GRP Retail",0P0001OCHK.F
K + S Chemicals,"K + S Chemicals, K+SC",DUFRY
METRO Retail,"METRO, METRO Retail, MR",K
TRELLEBORG B Industrial Goods & Services,"TBIG&S, TRELLEBORG, TRELLEBORG B Industrial Goods & Services",CUS=F
UMICORE Chemicals,"UC, UMICORE, UMICORE Chemicals",TLLB.F
EVONIK INDUSTRIES Chemicals,"EIC, EVONIK, EVONIK INDUSTRIES Chemicals",UMI.BR
SCHRODERS Financial Services,"SCHRODERS, SCHRODERS Financial Services, SFS",EVK.DE
MEDIOBANCA Banks,"MB, MEDIOBANCA, MEDIOBANCA Banks",HSWYX
RENTOKIL INITIAL Industrial Goods & Services,"RENTOKIL, RENTOKIL INITIAL Industrial Goods & Services, RIIG&S",MB.MI
SEGRO Real Estate,"SEGRO, SEGRO Real Estate, SRE",RTO
PRYSMIAN Industrial Goods & Services,"PIG&S, PRYSMIAN, PRYSMIAN Industrial Goods & Services",S4VC.F
HOWDEN JOINERY GRP Industrial Goods & Services,"HJIG&S, HOWDEN, HOWDEN JOINERY  Industrial Goods & Services, HOWDEN JOINERY GRP Industrial Goods & Services",PRY.MI
GETINGE B Health Care,"GBHC, GETINGE, GETINGE B Health Care",10J.F
OSRAM LICHT Personal & Household Goods,"OLP&HG, OSRAM, OSRAM LICHT Personal & Household Goods",GNGBY
BOLIDEN Basic Resources,"BBR, BOLIDEN, BOLIDEN Basic Resources",AMS.SW
EASYJET Travel & Leisure,"EASYJET, EASYJET Travel & Leisure, ET&L",BOL.ST
LANXESS Chemicals,"LANXESS, LANXESS Chemicals, LC",EZJ.L
GAMESA Oil & Gas,"GAMESA, GAMESA Oil & Gas, GO&G",LXS.DE
NESTE Oil & Gas,"NESTE, NESTE Oil & Gas, NO&G",Not found
GRP 4 SECURICOR Industrial Goods & Services,"4 SECURICOR Industrial Goods & Services, 4SIG&S, GRP 4 SECURICOR Industrial Goods & Services",NESTE.HE
ZODIAC AEROSPACE Industrial Goods & Services,"ZAIG&S, ZODIAC, ZODIAC AEROSPACE Industrial Goods & Services",GRPN
BELLWAY Personal & Household Goods,"BELLWAY, BELLWAY Personal & Household Goods, BP&HG",0P0000X8OD.F
INCHCAPE Retail,"INCHCAPE, INCHCAPE Retail, IR",41B.BE
BANKIA Banks,"BANKIA, BANKIA Banks, BB",IJCA.F
HENDERSON GRP Financial Services,"HENDERSON, HENDERSON  Financial Services, HENDERSON GRP Financial Services, HFS",0P0001871W.F
WIRECARD Industrial Goods & Services,"WIG&S, WIRECARD, WIRECARD Industrial Goods & Services",JFRDX
REXEL Industrial Goods & Services,"REXEL, REXEL Industrial Goods & Services, RIG&S",WDI.HM
HUGO BOSS Personal & Household Goods,"HBP&HG, HUGO, HUGO BOSS Personal & Household Goods",RXL.PA
OMV Oil & Gas,"OMV, OMV Oil & Gas, OO&G",HGTXU
ADP Industrial Goods & Services,"ADP, ADP Industrial Goods & Services, AIG&S",OMV.VI
INVESTEC Financial Services,"IFS, INVESTEC, INVESTEC Financial Services",ADP
ALSTOM Industrial Goods & Services,"AIG&S, ALSTOM, ALSTOM Industrial Goods & Services",0P0000X63C
TNT EXPRESS Industrial Goods & Services,"TEIG&S, TNT, TNT EXPRESS Industrial Goods & Services",AOMU.F
COCA-COLA HBC Food & Beverage,"CHF&B, COCA-COLA, COCA-COLA HBC Food & Beverage",TNTC.F
Intu Properties PLC Real Estate,"IPRE, Intu, Intu Properties  Real Estate, Intu Properties PLC Real Estate",KO
HISCOX Insurance,"HI, HISCOX, HISCOX Insurance",INTU
BIC Personal & Household Goods,"BIC, BIC Personal & Household Goods, BP&HG",H2X3.MU
AGGREKO Industrial Goods & Services,"AGGREKO, AGGREKO Industrial Goods & Services, AIG&S",BICO.ST
ABERDEEN ASSET MANAGEMENT Financial Services,"AAMFS, ABERDEEN, ABERDEEN ASSET MANAGEMENT Financial Services",Not found
IG GRP HLDG Financial Services,"IFS, IG   Financial Services, IG GRP HLDG Financial Services",ABDN.L
IMI Industrial Goods & Services,"IIG&S, IMI, IMI Industrial Goods & Services",IG
AUTO TRADER GROUP Media,"ATM, AUTO, AUTO TRADER  Media, AUTO TRADER GROUP Media",EUNN.DE
EDENRED Industrial Goods & Services,"EDENRED, EDENRED Industrial Goods & Services, EIG&S",MULN
LUNDIN PETROLEUM Oil & Gas,"LPO&G, LUNDIN, LUNDIN PETROLEUM Oil & Gas",QSV.F
NUMERICABLE-SFR Media,"NM, NUMERICABLE-SFR, NUMERICABLE-SFR Media",LUN.TO
BOOKER GRP Retail,"BOOKER, BOOKER  Retail, BOOKER GRP Retail, BR",Not found
GREENE KING Travel & Leisure,"GKT&L, GREENE, GREENE KING Travel & Leisure",PBMLF
UBI BCA Banks,"UBB, UBI, UBI BCA Banks",GCBC
ANDRITZ Industrial Goods & Services,"AIG&S, ANDRITZ, ANDRITZ Industrial Goods & Services",UI
MERLIN PROPERTIES SOCIMI Real Estate,"MERLIN, MERLIN PROPERTIES SOCIMI Real Estate, MPSRE",AZ2.HA
GLANBIA Food & Beverage,"GF&B, GLANBIA, GLANBIA Food & Beverage",0P00000DY5.L
FREENET Telecommunications,"FREENET, FREENET Telecommunications, FT",GLAPY
UBM Media,"UBM, UBM Media, UM",FRTAF
TDC Telecommunications,"TDC, TDC Telecommunications, TT",2U2.BE
STMICROELECTRONICS Technology,"ST, STMICROELECTRONICS, STMICROELECTRONICS Technology",TDC
JERONIMO MARTINS Retail,"JERONIMO, JERONIMO MARTINS Retail, JMR",STM
LUFTHANSA Travel & Leisure,"LT&L, LUFTHANSA, LUFTHANSA Travel & Leisure",JEM0.F
TATE & LYLE Food & Beverage,"T&LF&B, TATE, TATE & LYLE Food & Beverage",LHA.F
PSP SWISS PROPERTY Real Estate,"PSP, PSP SWISS PROPERTY Real Estate, PSPRE",TATYY
KINGSPAN GRP Construction & Materials,"KC&M, KINGSPAN, KINGSPAN  Construction & Materials, KINGSPAN GRP Construction & Materials",PSP
ICAP Financial Services,"ICAP, ICAP Financial Services, IFS",KRX.IR
HIKMA PHARMACEUTICALS Health Care,"HIKMA, HIKMA PHARMACEUTICALS Health Care, HPHC",ICAP
VOESTALPINE Basic Resources,"VBR, VOESTALPINE, VOESTALPINE Basic Resources",HIK.L
MAN Industrial Goods & Services,"MAN, MAN Industrial Goods & Services, MIG&S",VOE.PR
SPIRAX-SARCO Industrial Goods & Services,"SIG&S, SPIRAX-SARCO, SPIRAX-SARCO Industrial Goods & Services",MAN
MAN GRP Financial Services,"MAN, MAN  Financial Services, MAN GRP Financial Services, MFS",1LNB.HA
ZALANDO Retail,"ZALANDO, ZALANDO Retail, ZR",MAN
COBHAM Industrial Goods & Services,"CIG&S, COBHAM, COBHAM Industrial Goods & Services",AT0000A35VB5.VI
EMS-CHEMIE HLDG Chemicals,"EC, EMS-CHEMIE, EMS-CHEMIE  Chemicals, EMS-CHEMIE HLDG Chemicals",Not found
MICRO FOCUS INTERNATIONAL Technology,"MFT, MICRO, MICRO FOCUS  Technology, MICRO FOCUS INTERNATIONAL Technology",EMC1.F
HELVETIA HLDG Insurance,"HELVETIA, HELVETIA  Insurance, HELVETIA HLDG Insurance, HI",MGC=F
ARYZTA Food & Beverage,"AF&B, ARYZTA, ARYZTA Food & Beverage",0P0001EH77.SW
INDUSTRIVARDEN A Financial Services,"IAFS, INDUSTRIVARDEN, INDUSTRIVARDEN A Financial Services",ARYNN.MX
TELEFONICA DEUTSCHLAND Telecommunications,"TDT, TELEFONICA, TELEFONICA DEUTSCHLAND Telecommunications",IDVA.SG
EDF Utilities,"EDF, EDF Utilities, EU",VIV
HUHTAMAKI Industrial Goods & Services,"HIG&S, HUHTAMAKI, HUHTAMAKI Industrial Goods & Services",EDF
WOOD GRP (JOHN) Oil & Gas,"W(O&G, WOOD, WOOD  (JOHN) Oil & Gas, WOOD GRP (JOHN) Oil & Gas",0K9W.IL
BTG Health Care,"BHC, BTG, BTG Health Care",WOOD
WEIR GRP Industrial Goods & Services,"WEIR, WEIR  Industrial Goods & Services, WEIR GRP Industrial Goods & Services, WIG&S",BTG
ETS COLRUYT Retail,"ECR, ETS, ETS COLRUYT Retail",WEGRY
PETROFAC Oil & Gas,"PETROFAC, PETROFAC Oil & Gas, PO&G",ETSY
BABCOCK INTERNATIONAL Industrial Goods & Services,"BABCOCK, BABCOCK  Industrial Goods & Services, BABCOCK INTERNATIONAL Industrial Goods & Services, BIG&S",P2F.SG
ORION B Health Care,"OBHC, ORION, ORION B Health Care",BW
KOMERCNI BANKA Banks,"KBB, KOMERCNI, KOMERCNI BANKA Banks",OESX
KION GROUP Industrial Goods & Services,"KIG&S, KION, KION  Industrial Goods & Services, KION GROUP Industrial Goods & Services",KOMB.PR
FINGERPRINT CARDS 'B' Industrial Goods & Services,"FC'IG&S, FINGERPRINT, FINGERPRINT CARDS 'B' Industrial Goods & Services",KGX.DE
BOLLORE Industrial Goods & Services,"BIG&S, BOLLORE, BOLLORE Industrial Goods & Services",FING-B.ST
RHEINMETALL Automobiles & Parts,"RA&P, RHEINMETALL, RHEINMETALL Automobiles & Parts",BOL.PA
AMER SPORTS Personal & Household Goods,"AMER, AMER SPORTS Personal & Household Goods, ASP&HG",RHM.DE
VOPAK Industrial Goods & Services,"VIG&S, VOPAK, VOPAK Industrial Goods & Services",BAC
MEDIASET Media,"MEDIASET, MEDIASET Media, MM",VPK.AS
EXOR Financial Services,"EFS, EXOR, EXOR Financial Services",Not found
CAPITAL & COUNTIES PROPERTIES Real Estate,"C&CPRE, CAPITAL, CAPITAL & COUNTIES PROPERTIES Real Estate",EYX.F
FLUGHAFEN ZURICH Industrial Goods & Services,"FLUGHAFEN, FLUGHAFEN ZURICH Industrial Goods & Services, FZIG&S",OXLC
DISTRIBUIDORA INT ALIMENTACION Retail,"DIAR, DISTRIBUIDORA, DISTRIBUIDORA INT ALIMENTACION Retail",FLW1.F
RTL GRP Media,"RM, RTL, RTL  Media, RTL GRP Media",DIA.MC
BCA POPOLARE DI MILANO Banks,"BCA, BCA POPOLARE DI MILANO Banks, BPDMB",0P0001J2L4.F
ENEL GREEN POWER Utilities,"EGPU, ENEL, ENEL GREEN POWER Utilities",BCAB
SHAFTESBURY Real Estate,"SHAFTESBURY, SHAFTESBURY Real Estate, SRE",ENEL.MI
AALBERTS INDUSTRIES Industrial Goods & Services,"AALBERTS, AALBERTS INDUSTRIES Industrial Goods & Services, AIIG&S",C20.DU
GREAT PORTLAND ESTATES Real Estate,"GPERE, GREAT, GREAT PORTLAND ESTATES Real Estate",AACA.F
JYSKE BANK Banks,"JBB, JYSKE, JYSKE BANK Banks",GLDD
ORPEA Health Care,"OHC, ORPEA, ORPEA Health Care",0P0000SO8G.CO
GEORG FISCHER Industrial Goods & Services,"GEORG, GEORG FISCHER Industrial Goods & Services, GFIG&S",OPA1.F
SPECTRIS Industrial Goods & Services,"SIG&S, SPECTRIS, SPECTRIS Industrial Goods & Services",SXOOF
RPC GROUP Industrial Goods & Services,"RIG&S, RPC, RPC  Industrial Goods & Services, RPC GROUP Industrial Goods & Services",FA9.F
CABLE & WIRELESS COMMUNICATION Telecommunications,"C&WCT, CABLE, CABLE & WIRELESS COMMUNICATION Telecommunications",RES
Essentra PLC Industrial Goods & Services,"EIG&S, Essentra, Essentra  Industrial Goods & Services, Essentra PLC Industrial Goods & Services",OCC
GJENSIDIGE FORSIKRING Insurance,"GFI, GJENSIDIGE, GJENSIDIGE FORSIKRING Insurance",ESNTL.XC
BOSKALIS WESTMINSTER Construction & Materials,"BOSKALIS, BOSKALIS WESTMINSTER Construction & Materials, BWC&M",XGJ.F
RUBIS Utilities,"RU, RUBIS, RUBIS Utilities",Not found
WENDEL Financial Services,"WENDEL, WENDEL Financial Services, WFS",RUI.PA
CASINO GUICHARD Retail,"CASINO, CASINO GUICHARD Retail, CGR",MF.PA
GN STORE NORD Health Care,"GN STORE NORD Health Care, GSNHC",CNTY
FUCHS PETROLUB PREF Chemicals,"FPPC, FUCHS, FUCHS PETROLUB PREF Chemicals",EURGNF=X
BERENDSEN Industrial Goods & Services,"BERENDSEN, BERENDSEN Industrial Goods & Services, BIG&S",FUPBY
ACKERMANS & VAN HAAREN Financial Services,"A&VHFS, ACKERMANS, ACKERMANS & VAN HAAREN Financial Services",Not found
EUROFINS SCIENTIFIC Health Care,"ESHC, EUROFINS, EUROFINS SCIENTIFIC Health Care",ACKB.BR
NEW WH SMITH Retail,"NEW, NEW WH SMITH Retail, NWSR",ERF.PA
TULLOW OIL Oil & Gas,"TOO&G, TULLOW, TULLOW OIL Oil & Gas",6N=F
STRAUMANN Health Care,"SHC, STRAUMANN, STRAUMANN Health Care",TLW.L
KESKO Retail,"KESKO, KESKO Retail, KR",SAUHY
PHOENIX GROUP HDG. Insurance,"PHI, PHOENIX, PHOENIX  HDG. Insurance, PHOENIX GROUP HDG. Insurance",KESKOB.HE
DIALOG SEMICON Technology,"DIALOG, DIALOG SEMICON Technology, DST",FENG
HUSQVARNA B Personal & Household Goods,"HBP&HG, HUSQVARNA, HUSQVARNA B Personal & Household Goods",0P0001MMZ6.F
NCC B Construction & Materials,"NBC&M, NCC, NCC B Construction & Materials",HRZ.F
INTERMEDIATE CAPITAL GRP Financial Services,"ICFS, INTERMEDIATE, INTERMEDIATE CAPITAL  Financial Services, INTERMEDIATE CAPITAL GRP Financial Services",NCCGF
BILLERUDKORSNAS Basic Resources,"BBR, BILLERUDKORSNAS, BILLERUDKORSNAS Basic Resources",VCIT
TELE2 B Telecommunications,"TBT, TELE2, TELE2 B Telecommunications",BNF.HA
TEMENOS GRP Technology,"TEMENOS, TEMENOS  Technology, TEMENOS GRP Technology, TT",NCYD.HA
ANTOFAGASTA Basic Resources,"ABR, ANTOFAGASTA, ANTOFAGASTA Basic Resources",TMSNY
CLOSE BROTHERS GRP Financial Services,"CBFS, CLOSE, CLOSE BROTHERS  Financial Services, CLOSE BROTHERS GRP Financial Services",ANTO.L
AMEC FOSTER WHEELER Oil & Gas,"AFWO&G, AMEC, AMEC FOSTER WHEELER Oil & Gas",0P0001QQP3.SZ
CEZ Utilities,"CEZ, CEZ Utilities, CU",AMECX
REGUS Industrial Goods & Services,"REGUS, REGUS Industrial Goods & Services, RIG&S",CEZ.PR
BCO POPOLARE Banks,"BCO, BCO POPOLARE Banks, BPB",Not found
DAILY MAIL & GENERAL TRUST Media,"DAILY, DAILY MAIL & GENERAL TRUST Media, DM&GTM",BCO
JCDECAUX Media,"JCDECAUX, JCDECAUX Media, JM",SOXL
BB BIOTECH Health Care,"BB BIOTECH Health Care, BBHC",DEC.PA
BPOST SA Industrial Goods & Services,"BIG&S, BPOST, BPOST  Industrial Goods & Services, BPOST SA Industrial Goods & Services",BB
PLAYTECH Travel & Leisure,"PLAYTECH, PLAYTECH Travel & Leisure, PT&L",BPOST.BR
LAGARDERE Media,"LAGARDERE, LAGARDERE Media, LM",PTEC.L
ICADE Real Estate,"ICADE, ICADE Real Estate, IRE",LAG.F
BEAZLEY Insurance,"BEAZLEY, BEAZLEY Insurance, BI",3IC.F
ELEKTA B Health Care,"EBHC, ELEKTA, ELEKTA B Health Care",2D7.F
EURAZEO Industrial Goods & Services,"EIG&S, EURAZEO, EURAZEO Industrial Goods & Services",EKTAY
METSO Industrial Goods & Services,"METSO, METSO Industrial Goods & Services, MIG&S",EUQ.F
JUPITER FUND MANAGEMENT Financial Services,"JFMFS, JUPITER, JUPITER FUND MANAGEMENT Financial Services",M6QB.F
CASTELLUM Real Estate,"CASTELLUM, CASTELLUM Real Estate, CRE",0P000161JT.L
FONCIERE DES REGIONS Real Estate,"FDRRE, FONCIERE, FONCIERE DES REGIONS Real Estate",CTM
KABEL DEUTSCHLAND Media,"KABEL, KABEL DEUTSCHLAND Media, KDM",LEBL.PA
JUST EAT Retail,"JER, JUST, JUST EAT Retail",RRKABEL.BO
ALPHA BANK Banks,"ABB, ALPHA, ALPHA BANK Banks",JUST
BRITVIC Food & Beverage,"BF&B, BRITVIC, BRITVIC Food & Beverage",GOOG
FRESNILLO Basic Resources,"FBR, FRESNILLO, FRESNILLO Basic Resources",Not found
HEXPOL 'B' Chemicals,"H'C, HEXPOL, HEXPOL 'B' Chemicals",FRES.L
BBA AVIATION Industrial Goods & Services,"BAIG&S, BBA, BBA AVIATION Industrial Goods & Services",4QT1.F
BOLSAS Y MERCADOS ESPANOLES Financial Services,"BOLSAS, BOLSAS Y MERCADOS ESPANOLES Financial Services, BYMEFS",BBAI
UBISOFT ENTERTAINEMENT Personal & Household Goods,"UBISOFT, UBISOFT ENTERTAINEMENT Personal & Household Goods, UEP&HG",0P0000649M.F
TELENET GRP HLDG Media,"TELENET, TELENET   Media, TELENET GRP HLDG Media, TM",UBI.PA
VISCOFAN Food & Beverage,"VF&B, VISCOFAN, VISCOFAN Food & Beverage",Not found
BCA POPOLARE EMILIA ROMAGNA Banks,"BCA, BCA POPOLARE EMILIA ROMAGNA Banks, BPERB",VIS.MC
AZIMUT HLDG Financial Services,"AFS, AZIMUT, AZIMUT  Financial Services, AZIMUT HLDG Financial Services",BCAB
ICA GRUPPEN Retail,"ICA, ICA GRUPPEN Retail, IGR",AZM.MI
LOGITECH INTERNATIONAL Technology,"LOGITECH, LOGITECH  Technology, LOGITECH INTERNATIONAL Technology, LT",IEP
GAM Financial Services,"GAM, GAM Financial Services, GFS",LOGI
INTRUM JUSTITIA Financial Services,"IJFS, INTRUM, INTRUM JUSTITIA Financial Services",GAM
RECORDATI Health Care,"RECORDATI, RECORDATI Health Care, RHC",INTRUM.ST
UNIPOLSAI Insurance,"UI, UNIPOLSAI, UNIPOLSAI Insurance",RER1.BE
BALFOUR BEATTY Construction & Materials,"BALFOUR, BALFOUR BEATTY Construction & Materials, BBC&M",0P0001B99D.F
SAIPEM Oil & Gas,"SAIPEM, SAIPEM Oil & Gas, SO&G",BBY.L
CELLNEX TELECOM Telecommunications,"CELLNEX, CELLNEX TELECOM Telecommunications, CTT",SPM.MI
COFINIMMO Real Estate,"COFINIMMO, COFINIMMO Real Estate, CRE",CLLNY
DOMINOS PIZZA GROUP Travel & Leisure,"DOMINOS, DOMINOS PIZZA  Travel & Leisure, DOMINOS PIZZA GROUP Travel & Leisure, DPT&L",COF.F
SEB Personal & Household Goods,"SEB, SEB Personal & Household Goods, SP&HG",DPZ
AA PLC Retail,"AA  Retail, AA PLC Retail, AR",SEB
SBM OFFSHORE Oil & Gas,"SBM, SBM OFFSHORE Oil & Gas, SOO&G",AA
B&M EUROPEAN VALUE RETAIL Retail,"B&M, B&M EUROPEAN VALUE RETAIL Retail, BEVRR",SBMFF
HAYS Industrial Goods & Services,"HAYS, HAYS Industrial Goods & Services, HIG&S",B
BARRY CALLEBAUT Food & Beverage,"BARRY, BARRY CALLEBAUT Food & Beverage, BCF&B",HASL.XC
GERRESHEIMER Health Care,"GERRESHEIMER, GERRESHEIMER Health Care, GHC",BCLN.SG
STADA ARZNEIMITTEL Health Care,"SAHC, STADA, STADA ARZNEIMITTEL Health Care",GXI.DE
AIR FRANCE-KLM Travel & Leisure,"AFT&L, AIR, AIR FRANCE-KLM Travel & Leisure",Not found
OCADO Retail,"OCADO, OCADO Retail, OR",AIR
SUNRISE Telecommunications,"ST, SUNRISE, SUNRISE Telecommunications",OCDDY
UNIBET GROUP SDB Travel & Leisure,"UNIBET, UNIBET  SDB Travel & Leisure, UNIBET GROUP SDB Travel & Leisure, UST&L",SUNS
NIBE INDUSTRIER B Construction & Materials,"NIBC&M, NIBE, NIBE INDUSTRIER B Construction & Materials",Not found
ROTORK Industrial Goods & Services,"RIG&S, ROTORK, ROTORK Industrial Goods & Services",NIBE-B.ST
CNP ASSURANCES Insurance,"CAI, CNP, CNP ASSURANCES Insurance",RO41.F
TECHNICOLOR Media,"TECHNICOLOR, TECHNICOLOR Media, TM",CNP
MEDIASET ESPANA COMUNICACION Media,"MECM, MEDIASET, MEDIASET ESPANA COMUNICACION Media",TNM2.MU
MAPFRE Insurance,"MAPFRE, MAPFRE Insurance, MI",Not found
WILLIAM DEMANT Health Care,"WDHC, WILLIAM, WILLIAM DEMANT Health Care",MAPE.XC
AMS AG Technology,"AMS, AMS  Technology, AMS AG Technology, AT",SHW
FAURECIA Automobiles & Parts,"FA&P, FAURECIA, FAURECIA Automobiles & Parts",AMS
MONEYSUPERMARKET COM GP. Media,"MCGM, MONEYSUPERMARKET, MONEYSUPERMARKET COM GP. Media",FAU.DU
GRAFTON GRP Industrial Goods & Services,"GIG&S, GRAFTON, GRAFTON  Industrial Goods & Services, GRAFTON GRP Industrial Goods & Services",39M.BE
PLASTIC OMNIUM Automobiles & Parts,"PLASTIC, PLASTIC OMNIUM Automobiles & Parts, POA&P",GN5.BE
IMERYS Basic Resources,"IBR, IMERYS, IMERYS Basic Resources",PTOI
WERELDHAVE Real Estate,"WERELDHAVE, WERELDHAVE Real Estate, WRE",IY4.F
ASM INTERNATIONAL Technology,"ASM, ASM  Technology, ASM INTERNATIONAL Technology, AT",WER.F
SCHIBSTED GRUPPEN Media,"SCHIBSTED, SCHIBSTED GRUPPEN Media, SGM",ASM
BCO COMERCIAL PORTUGUES Banks,"BCO, BCO COMERCIAL PORTUGUES Banks, BCPB",SCHBO.OL
FRAPORT Industrial Goods & Services,"FIG&S, FRAPORT, FRAPORT Industrial Goods & Services",BCO
SPRINGER (AXEL) Media,"S(M, SPRINGER, SPRINGER (AXEL) Media",FRAS.F
TRYG Insurance,"TI, TRYG, TRYG Insurance",SPG.F
DKSH HOLDING Industrial Goods & Services,"DIG&S, DKSH, DKSH  Industrial Goods & Services, DKSH HOLDING Industrial Goods & Services",TRYGBP=X
DAVIDE CAMPARI Food & Beverage,"DAVIDE, DAVIDE CAMPARI Food & Beverage, DCF&B",DS5.F
SYDBANK Banks,"SB, SYDBANK, SYDBANK Banks",DVDCF
DASSAULT AVIATION Industrial Goods & Services,"DAIG&S, DASSAULT, DASSAULT AVIATION Industrial Goods & Services",TM2.F
PARGESA Financial Services,"PARGESA, PARGESA Financial Services, PFS",DSY.PA
DEUTSCHE EUROSHOP Real Estate,"DERE, DEUTSCHE, DEUTSCHE EUROSHOP Real Estate",Not found
UNIPOL GRUPPO FINANZIARIO Insurance,"UGFI, UNIPOL, UNIPOL GRUPPO FINANZIARIO Insurance",DB
OTE Telecommunications,"OT, OTE, OTE Telecommunications",0P000185V4.F
THOMAS COOK GRP Travel & Leisure,"TCT&L, THOMAS, THOMAS COOK  Travel & Leisure, THOMAS COOK GRP Travel & Leisure",OTEX
BILFINGER Industrial Goods & Services,"BIG&S, BILFINGER, BILFINGER Industrial Goods & Services",THOMASCOTT.BO
MICHAEL PAGE INTERNATIONAL Industrial Goods & Services,"MICHAEL, MICHAEL PAGE  Industrial Goods & Services, MICHAEL PAGE INTERNATIONAL Industrial Goods & Services, MPIG&S",GBF.DE
VICTREX Chemicals,"VC, VICTREX, VICTREX Chemicals",MHJ.AX
QINETIQ GRP Industrial Goods & Services,"QIG&S, QINETIQ, QINETIQ  Industrial Goods & Services, QINETIQ GRP Industrial Goods & Services",1OY.F
AAREAL BANK Financial Services,"AAREAL, AAREAL BANK Financial Services, ABFS",QY6.F
OC OERLIKON Industrial Goods & Services,"OC OERLIKON Industrial Goods & Services, OOIG&S",A289MV.DU
SWEDISH ORPHAN BIOVITRUM Health Care,"SOBHC, SWEDISH, SWEDISH ORPHAN BIOVITRUM Health Care",OC
WS ATKINS Industrial Goods & Services,"WAIG&S, WS ATKINS Industrial Goods & Services",SEK=F
EURONEXT Financial Services,"EFS, EURONEXT, EURONEXT Financial Services",WS
SUBSEA7 Oil & Gas,"SO&G, SUBSEA7, SUBSEA7 Oil & Gas",ENX.PA
EUROBANK ERGASIAS Banks,"EEB, EUROBANK, EUROBANK ERGASIAS Banks",Not found
BCA MONTE DEI PASCHI DI SIENA Banks,"BCA, BCA MONTE DEI PASCHI DI SIENA Banks, BMDPDSB",EUROB.AT
ZARDOYA OTIS Industrial Goods & Services,"ZARDOYA, ZARDOYA OTIS Industrial Goods & Services, ZOIG&S",BCAB
TALKTALK TELECOM GRP Telecommunications,"TALKTALK, TALKTALK TELECOM  Telecommunications, TALKTALK TELECOM GRP Telecommunications, TTT",Not found
CARILLION Industrial Goods & Services,"CARILLION, CARILLION Industrial Goods & Services, CIG&S",TK6.SG
JM Real Estate,"JM Real Estate, JRE",Not found
dorma+kaba Industrial Goods & Services,"DIG&S, dorma+kaba, dorma+kaba Industrial Goods & Services",JMDBRX=X
OCI Chemicals,"OC, OCI, OCI Chemicals",KABN.HM
DUERR Industrial Goods & Services,"DIG&S, DUERR, DUERR Industrial Goods & Services",456040.KS
BOVIS HOMES GRP Personal & Household Goods,"BHP&HG, BOVIS, BOVIS HOMES  Personal & Household Goods, BOVIS HOMES GRP Personal & Household Goods",DUED.XC
ULTRA ELECTRONICS Industrial Goods & Services,"UEIG&S, ULTRA, ULTRA ELECTRONICS Industrial Goods & Services",44B.SG
RAIFFEISEN BANK INTERNATIONAL Banks,"RAIFFEISEN, RAIFFEISEN BANK  Banks, RAIFFEISEN BANK INTERNATIONAL Banks, RBB",UB=F
ASHMORE GRP Financial Services,"AFS, ASHMORE, ASHMORE  Financial Services, ASHMORE GRP Financial Services",RBI.VI
FLSMIDTH & COMPANY Construction & Materials,"F&C&M, FLSMIDTH, FLSMIDTH &  Construction & Materials, FLSMIDTH & COMPANY Construction & Materials",0P000132LT
POSTNL Industrial Goods & Services,"PIG&S, POSTNL, POSTNL Industrial Goods & Services",FLS.CO
TOPDANMARK Insurance,"TI, TOPDANMARK, TOPDANMARK Insurance",PNL.AS
BCA POPOLARE DI SONDRIO Banks,"BCA, BCA POPOLARE DI SONDRIO Banks, BPDSB",0P0000135X.CO
IMMOFINANZ Real Estate,"IMMOFINANZ, IMMOFINANZ Real Estate, IRE",BCAB
INDIVIOR Health Care,"IHC, INDIVIOR, INDIVIOR Health Care",IMO1.BE
TGS-NOPEC GEOPHYSICAL Oil & Gas,"TGO&G, TGS-NOPEC, TGS-NOPEC GEOPHYSICAL Oil & Gas",2IVB.MU
FIRSTGROUP Travel & Leisure,"FIRSTGROUP, FIRSTGROUP Travel & Leisure, FT&L",0MSJ.IL
DRAX GRP Utilities,"DRAX, DRAX  Utilities, DRAX GRP Utilities, DU",FGP.L
LANCASHIRE HOLDINGS Insurance,"LANCASHIRE, LANCASHIRE  Insurance, LANCASHIRE HOLDINGS Insurance, LI",D9F2.F
STAGECOACH GRP Travel & Leisure,"ST&L, STAGECOACH, STAGECOACH  Travel & Leisure, STAGECOACH GRP Travel & Leisure",LNH.DU
ELEMENTIS Chemicals,"EC, ELEMENTIS, ELEMENTIS Chemicals",Not found
SPORTS DIRECT INTERNATIONAL Retail,"SDR, SPORTS, SPORTS DIRECT  Retail, SPORTS DIRECT INTERNATIONAL Retail",E3E.F
OPAP Travel & Leisure,"OPAP, OPAP Travel & Leisure, OT&L",AS
SEADRILL Oil & Gas,"SEADRILL, SEADRILL Oil & Gas, SO&G",GRKZF
MORPHOSYS Health Care,"MHC, MORPHOSYS, MORPHOSYS Health Care",SDRL
SULZER Industrial Goods & Services,"SIG&S, SULZER, SULZER Industrial Goods & Services",Not found
RESTAURANT GRP Travel & Leisure,"RESTAURANT, RESTAURANT  Travel & Leisure, RESTAURANT GRP Travel & Leisure, RT&L",SUL1.MU
MELROSE INDUSTRIES Industrial Goods & Services,"MELROSE, MELROSE INDUSTRIES Industrial Goods & Services, MIIG&S",QSR
