Name,Synonyme,YahooTicker
Adidas,"adidas, ads",ADS.DE
Airbus,"air, airbus",AIR.PA
Allianz,"allianz, alv",ALV.DE
BASF,"bas, basf",BAS.DE
Bayer,"bayer, bayn",BAYN.DE
Beiersdorf,"bei, beiersdorf",BEI.DE
BMW,bmw,BMW.DE
Brenntag,"bnr, brennt",BNR.DE
Commerzbank,"cbk, commerzbank",CBK.DE
Continental,"con, continental",CON.DE
Covestro,"1cov, covestro",1COV.DE
Daimler Truck,"daimler, dtg, truck",DTG.DE
Deutsche Bank,"bank, dbk, deutsche",DBK.DE
Deutsche B�rse,"b�r, db1, deutsche",DB1.DE
Deutsche Post,"deutsche, dhl, post",DHL.DE
Deutsche Telekom,"deutsche, dte, telekom",DTE.DE
E.ON,"e.on, eoan",EOAN.DE
Fresenius,"fre, frenius",FRE.DE
Fresenius Medical Care,"care, fme, frenius, medical",FME.DE
Hannover Re,"hannover, hnr1, re",HNR1.DE
Heidelberg Materials,"hei, heidelberg, materials",HEI.DE
Henkel,"hen3, henkel",HEN3.DE
Infineon Technologies,"ifx, infineon, technologies",IFX.DE
Mercedes-Benz Group,"group, mbg, mercedes-benz",MBG.DE
Merck,"merck, mrk",MRK.DE
MTU Aero Engines,"aero, engines, mtu, mtx",MTX.DE
Munich Re,"munich, muv2, re",MUV2.DE
Porsche,"p911, porsche",P911.DE
Porsche SE,"pah3, porsche",PAH3.DE
Qiagen,"qia, qien",QIA.DE
Rheinmetall,"rheinmetall, rhm",RHM.DE
RWE,rwe,RWE.DE
SAP,sap,SAP.DE
Sartorius,"sartorius, srt3",SRT3.DE
Siemens,"sie, siemens",SIE.DE
Siemens Energy,"energy, enr, siemens",ENR.DE
Siemens Healthineers,"healthineers, shl, siemens",SHL.DE
Symrise,"sy1, symri",SY1.DE
Volkswagen Group,"group, volkswen, vow3",VOW3.DE
Vonovia,"vna, vonovia",VNA.DE
Zalando,"zal, zalando",ZAL.DE
Adobe Inc.,"adbe, adobe",ADBE
Advanced Micro Devices,"advanced, amd, devices, micro",AMD
Airbnb,"abnb, airbnb",ABNB
Alphabet Inc. (Class A),"(class, a), alphabet, googl",GOOGL
Alphabet Inc. (Class C),"(class, alphabet, c), goog",GOOG
Amazon,"amazon, amzn",AMZN
American Electric Power,"aep, american, electric, power",AEP
Amgen,"amgen, amgn",AMGN
Analog Devices,"adi, analog, devices",ADI
Ansys,"anss, ansys",ANSS
Apple Inc.,"aapl, apple",AAPL
Applied Materials,"amat, applied, materials",AMAT
AppLovin,"app, applovin",APP
Arm Holdings,"arm, holdings",ARM
ASML Holding,"asml, holding",ASML
AstraZeneca,"astrazeneca, azn",AZN
Atlassian,"atlassian, team",TEAM
Autodesk,"adsk, autodesk",ADSK
Automatic Data Processing,"adp, automatic, data, processing",ADP
Axon Enterprise,"axon, enterpri",AXON
Baker Hughes,"baker, bkr, hughes",BKR
Biogen,"biib, biogen",BIIB
Booking Holdings,"bkng, booking, holdings",BKNG
Broadcom,"avgo, broadcom",AVGO
Cadence Design Systems,"cadence, cdns, design, systems",CDNS
CDW Corporation,"cdw, corporation",CDW
Charter Communications,"charter, chtr, communications",CHTR
Cintas,"cintas, ctas",CTAS
Cisco,"cisco, csco",CSCO
Coca-Cola Europacific Partners,"ccep, coca-cola, europacific, partners",CCEP
Cognizant,"cognizant, ctsh",CTSH
Comcast,"cmcsa, comcast",CMCSA
Constellation Energy,"ceg, constellation, energy",CEG
Copart,"copart, cprt",CPRT
CoStar Group,"costar, csgp, group",CSGP
Costco,"cost, costco",COST
CrowdStrike,"crowdstrike, crwd",CRWD
CSX Corporation,"corporation, csx",CSX
Datadog,"datadog, ddog",DDOG
DexCom,"dexcom, dxcm",DXCM
Diamondback Energy,"diamondback, energy, fang",FANG
DoorDash,"dash, doordash",DASH
Electronic Arts,"arts, ea, electronic",EA
Exelon,"exc, exelon",EXC
Fastenal,"fast, fastenal",FAST
Fortinet,"fortinet, ftnt",FTNT
GE HealthCare,"ge, gehc, healthcare",GEHC
Gilead Sciences,"gild, gilead, sciences",GILD
GlobalFoundries,"gfs, globalfoundries",GFS
Honeywell,"hon, honeywell",HON
Idexx Laboratories,"idexx, idxx, laboratories",IDXX
Intel,"intc, intel",INTC
Intuit,"intu, intuit",INTU
Intuitive Surgical,"intuitive, isrg, surgical",ISRG
Keurig Dr Pepper,"dr, kdp, keurig, pepper",KDP
KLA Corporation,"corporation, kla, klac",KLAC
Kraft Heinz,"heinz, khc, kraft",KHC
Lam Research,"lam, lrcx, rearch",LRCX
Linde plc,"lin, linde, plc",LIN
Lululemon,"lulu, lululemon",LULU
Marriott International,"international, mar, marriott",MAR
Marvell Technology,"marvell, mrvl, technology",MRVL
Mercado Libre,"libre, meli, mercado",MELI
Meta Platforms,"meta, platforms",META
Microchip Technology,"mchp, microchip, technology",MCHP
Micron Technology,"micron, mu, technology",MU
Microsoft,"microsoft, msft",MSFT
MicroStrategy,"microstrategy, mstr",MSTR
Mondelez International,"international, mdlz, mondelez",MDLZ
Monster Beverage,"bevere, mnst, monster",MNST
"Netflix, Inc.","netflix,, nflx",NFLX
Nvidia,"nvda, nvidia",NVDA
NXP Semiconductors,"miconductors, nxp, nxpi",NXPI
O'Reilly Automotive,"automotive, o'reilly, orly",ORLY
Old Dominion Freight Line,"dominion, freight, line, odfl, old",ODFL
Onsemi,"on, onmi",ON
Paccar,"paccar, pcar",PCAR
Palantir Technologies,"palantir, pltr, technologies",PLTR
Palo Alto Networks,"alto, networks, palo, panw",PANW
Paychex,"paychex, payx",PAYX
PayPal,"paypal, pypl",PYPL
PDD Holdings,"holdings, pdd",PDD
PepsiCo,"pep, pepsico",PEP
Qualcomm,"qcom, qualcomm",QCOM
Regeneron Pharmaceuticals,"pharmaceuticals, regeneron, regn",REGN
Roper Technologies,"rop, roper, technologies",ROP
Ross Stores,"ross, rost, stores",ROST
Shopify,"shop, shopify",SHOP
Starbucks,"sbux, starbucks",SBUX
Synopsys,"snps, synopsys",SNPS
Take-Two Interactive,"interactive, take-two, ttwo",TTWO
T-Mobile US,"t-mobile, tmus, us",TMUS
"Tesla, Inc.","tesla,, tsla",TSLA
Texas Instruments,"instruments, texas, txn",TXN
Trade Desk (The),"(the), desk, trade, ttd",TTD
Verisk Analytics,"analytics, verisk, vrsk",VRSK
Vertex Pharmaceuticals,"pharmaceuticals, vertex, vrtx",VRTX
Warner Bros. Discovery,"bros., discovery, warner, wbd",WBD
"Workday, Inc.","wday, workday,",WDAY
Xcel Energy,"energy, xcel, xel",XEL
Zscaler,"zs, zscaler",ZS
3M,"3m, mmm",MMM
A. O. Smith,"a., aos, o., smith",AOS
Abbott Laboratories,"abbott, abt, laboratories",ABT
AbbVie,"abbv, abbvie",ABBV
Accenture,"accenture, acn",ACN
AES Corporation,"aes, corporation",AES
Aflac,"afl, aflac",AFL
Agilent Technologies,"a, ilent, technologies",A
Air Products,"air, apd, products",APD
Akamai Technologies,"akam, akamai, technologies",AKAM
Albemarle Corporation,"alb, albemarle, corporation",ALB
Alexandria Real Estate Equities,"alexandria, are, equities, estate, real",ARE
Align Technology,"algn, align, technology",ALGN
Allegion,"alle, allegion",ALLE
Alliant Energy,"alliant, energy, lnt",LNT
Allstate,"all, allstate",ALL
Altria,"altria, mo",MO
Amcor,"amcor, amcr",AMCR
Ameren,"aee, ameren",AEE
American Express,"american, axp, express",AXP
American International Group,"aig, american, group, international",AIG
American Tower,"american, amt, tower",AMT
American Water Works,"american, awk, water, works",AWK
Ameriprise Financial,"ameripri, amp, financial",AMP
Ametek,"ame, ametek",AME
Amphenol,"amphenol, aph",APH
Aon plc,"aon, plc",AON
APA Corporation,"apa, corporation",APA
Apollo Global Management,"apo, apollo, global, manement",APO
Aptiv,"aptiv, aptv",APTV
Arch Capital Group,"acgl, arch, capital, group",ACGL
Archer Daniels Midland,"adm, archer, daniels, midland",ADM
Arista Networks,"anet, arista, networks",ANET
Arthur J. Gallagher & Co.,"&, ajg, arthur, co., gallher, j.",AJG
Assurant,"aiz, assurant",AIZ
AT&T,"at&t, t",T
Atmos Energy,"atmos, ato, energy",ATO
AutoZone,"autozone, azo",AZO
AvalonBay Communities,"avalonbay, avb, communities",AVB
Avery Dennison,"avery, avy, dennison",AVY
Ball Corporation,"ball, corporation",BALL
Bank of America,"america, bac, bank, of",BAC
Baxter International,"bax, baxter, international",BAX
Becton Dickinson,"bdx, becton, dickinson",BDX
Berkshire Hathaway,"berkshire, brk, hathaway",BRK.B
Best Buy,"bby, best, buy",BBY
Bio-Techne,"bio-techne, tech",TECH
BlackRock,"blackrock, blk",BLK
Blackstone Inc.,"blackstone, bx",BX
BNY Mellon,"bk, bny, mellon",BK
Boeing,"ba, boeing",BA
Boston Scientific,"boston, bsx, scientific",BSX
Bristol Myers Squibb,"bmy, bristol, myers, squibb",BMY
Broadridge Financial Solutions,"br, broadridge, financial, solutions",BR
Brown & Brown,"&, bro, brown",BRO
Brown�Forman,"bf, brown�forman",BF.B
Builders FirstSource,"bldr, builders, firstsource",BLDR
Bunge Global,"bg, bunge, global",BG
"BXP, Inc.","bxp, bxp,",BXP
C.H. Robinson,"c.h., chrw, robinson",CHRW
Caesars Entertainment,"caesars, czr, entertainment",CZR
Camden Property Trust,"camden, cpt, property, trust",CPT
Campbell's Company (The),"(the), campbell's, company, cpb",CPB
Capital One,"capital, cof, one",COF
Cardinal Health,"cah, cardinal, health",CAH
CarMax,"carmax, kmx",KMX
Carnival,"carnival, ccl",CCL
Carrier Global,"carr, carrier, global",CARR
Caterpillar Inc.,"cat, caterpillar",CAT
Cboe Global Markets,"cboe, global, markets",CBOE
CBRE Group,"cbre, group",CBRE
Cencora,"cencora, cor",COR
Centene Corporation,"centene, cnc, corporation",CNC
CenterPoint Energy,"centerpoint, cnp, energy",CNP
CF Industries,"cf, industries",CF
Charles River Laboratories,"charles, crl, laboratories, river",CRL
Charles Schwab Corporation,"charles, corporation, schw, schwab",SCHW
Chevron Corporation,"chevron, corporation, cvx",CVX
Chipotle Mexican Grill,"chipotle, cmg, grill, mexican",CMG
Chubb Limited,"cb, chubb, limited",CB
Church & Dwight,"&, chd, church, dwight",CHD
Cigna,"ci, cigna",CI
Cincinnati Financial,"cincinnati, cinf, financial",CINF
Citigroup,"c, citigroup",C
Citizens Financial Group,"cfg, citizens, financial, group",CFG
Clorox,"clorox, clx",CLX
CME Group,"cme, group",CME
CMS Energy,"cms, energy",CMS
Coca-Cola Company (The),"(the), coca-cola, company, ko",KO
Coinbase,"coin, coinba",COIN
Colgate-Palmolive,"cl, colgate-palmolive",CL
Conagra Brands,"brands, cag, conra",CAG
ConocoPhillips,"conocophillips, cop",COP
Consolidated Edison,"consolidated, ed, edison",ED
Constellation Brands,"brands, constellation, stz",STZ
Cooper Companies (The),"(the), companies, coo, cooper",COO
Corning Inc.,"corning, glw",GLW
Corpay,"corpay, cpay",CPAY
Corteva,"corteva, ctva",CTVA
Coterra,"coterra, ctra",CTRA
Crown Castle,"castle, cci, crown",CCI
Cummins,"cmi, cummins",CMI
CVS Health,"cvs, health",CVS
Danaher Corporation,"corporation, danaher, dhr",DHR
Darden Restaurants,"darden, dri, restaurants",DRI
DaVita,"davita, dva",DVA
Dayforce,"day, dayforce",DAY
Deckers Brands,"brands, deck, deckers",DECK
Deere & Company,"&, company, de, deere",DE
Dell Technologies,"dell, technologies",DELL
Delta Air Lines,"air, dal, delta, lines",DAL
Devon Energy,"devon, dvn, energy",DVN
Digital Realty,"digital, dlr, realty",DLR
Dollar General,"dg, dollar, general",DG
Dollar Tree,"dltr, dollar, tree",DLTR
Dominion Energy,"d, dominion, energy",D
Domino's,"domino's, dpz",DPZ
Dover Corporation,"corporation, dov, dover",DOV
Dow Inc.,dow,DOW
D. R. Horton,"d., dhi, horton, r.",DHI
DTE Energy,"dte, energy",DTE
Duke Energy,"duk, duke, energy",DUK
DuPont,"dd, dupont",DD
Eastman Chemical Company,"chemical, company, eastman, emn",EMN
Eaton Corporation,"corporation, eaton, etn",ETN
eBay Inc.,ebay,EBAY
Ecolab,"ecl, ecolab",ECL
Edison International,"edison, eix, international",EIX
Edwards Lifesciences,"edwards, ew, lifesciences",EW
Elevance Health,"elevance, elv, health",ELV
Emerson Electric,"electric, emerson, emr",EMR
Enphase Energy,"energy, enph, enpha",ENPH
Entergy,"entergy, etr",ETR
EOG Resources,"eog, resources",EOG
EPAM Systems,"epam, systems",EPAM
EQT Corporation,"corporation, eqt",EQT
Equifax,"efx, equifax",EFX
Equinix,"eqix, equinix",EQIX
Equity Residential,"eqr, equity, residential",EQR
Erie Indemnity,"erie, indemnity",ERIE
Essex Property Trust,"ess, esx, property, trust",ESS
Est�e Lauder Companies (The),"(the), companies, el, est�e, lauder",EL
Everest Group,"eg, everest, group",EG
Evergy,"evergy, evrg",EVRG
Eversource Energy,"energy, es, eversource",ES
Expand Energy,"energy, exe, expand",EXE
Expedia Group,"expe, expedia, group",EXPE
Expeditors International,"expd, expeditors, international",EXPD
Extra Space Storage,"exr, extra, space, store",EXR
ExxonMobil,"exxonmobil, xom",XOM
"F5, Inc.","f5,, ffiv",FFIV
FactSet,"factt, fds",FDS
Fair Isaac,"fair, fico, isaac",FICO
Federal Realty Investment Trust,"federal, frt, investment, realty, trust",FRT
FedEx,"fdx, fedex",FDX
Fidelity National Information Services,"fidelity, fis, information, national, rvices",FIS
Fifth Third Bancorp,"bancorp, fifth, fitb, third",FITB
First Solar,"first, fslr, solar",FSLR
FirstEnergy,"fe, firstenergy",FE
Fiserv,"fi, firv",FI
Ford Motor Company,"company, f, ford, motor",F
Fortive,"fortive, ftv",FTV
Fox Corporation (Class A),"(class, a), corporation, fox, foxa",FOXA
Fox Corporation (Class B),"(class, b), corporation, fox",FOX
Franklin Resources,"ben, franklin, resources",BEN
Freeport-McMoRan,"fcx, freeport-mcmoran",FCX
Garmin,"garmin, grmn",GRMN
Gartner,"gartner, it",IT
GE Aerospace,"aerospace, ge",GE
GE Vernova,"ge, gev, vernova",GEV
Gen Digital,"digital, gen",GEN
Generac,"generac, gnrc",GNRC
General Dynamics,"dynamics, gd, general",GD
General Mills,"general, gis, mills",GIS
General Motors,"general, gm, motors",GM
Genuine Parts Company,"company, genuine, gpc, parts",GPC
Global Payments,"global, gpn, payments",GPN
Globe Life,"gl, globe, life",GL
GoDaddy,"gddy, godaddy",GDDY
Goldman Sachs,"goldman, gs, sachs",GS
Halliburton,"hal, halliburton",HAL
Hartford (The),"(the), hartford, hig",HIG
Hasbro,"has, hasbro",HAS
HCA Healthcare,"hca, healthcare",HCA
Healthpeak Properties,"doc, healthpeak, properties",DOC
Henry Schein,"henry, hsic, schein",HSIC
Hershey Company (The),"(the), company, hershey, hsy",HSY
Hess Corporation,"corporation, hes, hess",HES
Hewlett Packard Enterprise,"enterpri, hewlett, hpe, packard",HPE
Hilton Worldwide,"hilton, hlt, worldwide",HLT
Hologic,"hologic, holx",HOLX
Home Depot (The),"(the), depot, hd, home",HD
Hormel Foods,"foods, hormel, hrl",HRL
Host Hotels & Resorts,"&, host, hotels, hst, resorts",HST
Howmet Aerospace,"aerospace, howmet, hwm",HWM
HP Inc.,"hp, hpq",HPQ
Hubbell Incorporated,"hubb, hubbell, incorporated",HUBB
Humana,"hum, humana",HUM
Huntington Bancshares,"bancshares, hban, huntington",HBAN
Huntington Ingalls Industries,"hii, huntington, industries, ingalls",HII
IBM,ibm,IBM
IDEX Corporation,"corporation, idex, iex",IEX
Illinois Tool Works,"illinois, itw, tool, works",ITW
Incyte,"incy, incyte",INCY
Ingersoll Rand,"ingersoll, ir, rand",IR
Insulet Corporation,"corporation, insulet, podd",PODD
Intercontinental Exchange,"exchange, ice, intercontinental",ICE
International Flavors & Fragrances,"&, flavors, frrances, iff, international",IFF
International Paper,"international, ip, paper",IP
Interpublic Group of Companies (The),"(the), companies, group, interpublic, ipg, of",IPG
Invesco,"invesco, ivz",IVZ
Invitation Homes,"homes, invh, invitation",INVH
IQVIA,"iqv, iqvia",IQV
Iron Mountain,"irm, iron, mountain",IRM
J.B. Hunt,"hunt, j.b., jbht",JBHT
Jabil,"jabil, jbl",JBL
Jack Henry & Associates,"&, associates, henry, jack, jkhy",JKHY
Jacobs Solutions,"j, jacobs, solutions",J
Johnson & Johnson,"&, jnj, johnson",JNJ
Johnson Controls,"controls, jci, johnson",JCI
JPMorgan Chase,"cha, jpm, jpmorgan",JPM
Juniper Networks,"jnpr, juniper, networks",JNPR
Kellanova,"k, kellanova",K
Kenvue,"kenvue, kvue",KVUE
KeyCorp,"key, keycorp",KEY
Keysight Technologies,"keys, keysight, technologies",KEYS
Kimberly-Clark,"kimberly-clark, kmb",KMB
Kimco Realty,"kim, kimco, realty",KIM
Kinder Morgan,"kinder, kmi, morgan",KMI
KKR & Co.,"&, co., kkr",KKR
Kroger,"kr, kroger",KR
L3Harris,"l3harris, lhx",LHX
Labcorp,"labcorp, lh",LH
Lamb Weston,"lamb, lw, weston",LW
Las Vegas Sands,"las, lvs, sands, vegas",LVS
Leidos,"ldos, leidos",LDOS
Lennar,"len, lennar",LEN
Lennox International,"international, lennox, lii",LII
Lilly (Eli),"(eli), lilly, lly",LLY
Live Nation Entertainment,"entertainment, live, lyv, nation",LYV
LKQ Corporation,"corporation, lkq",LKQ
Lockheed Martin,"lmt, lockheed, martin",LMT
Loews Corporation,"corporation, l, loews",L
Lowe's,"low, lowe's",LOW
LyondellBasell,"lyb, lyondellball",LYB
M&T Bank,"bank, m&t, mtb",MTB
Marathon Petroleum,"marathon, mpc, petroleum",MPC
MarketAxess,"marketaxess, mktx",MKTX
Marsh McLennan,"marsh, mclennan, mmc",MMC
Martin Marietta Materials,"marietta, martin, materials, mlm",MLM
Masco,"mas, masco",MAS
Mastercard,"ma, mastercard",MA
Match Group,"group, match, mtch",MTCH
McCormick & Company,"&, company, mccormick, mkc",MKC
McDonald's,"mcd, mcdonald's",MCD
McKesson Corporation,"corporation, mck, mckesson",MCK
Medtronic,"mdt, medtronic",MDT
Merck & Co.,"&, co., merck, mrk",MRK
MetLife,"met, metlife",MET
Mettler Toledo,"mettler, mtd, toledo",MTD
MGM Resorts,"mgm, resorts",MGM
Mid-America Apartment Communities,"apartment, communities, maa, mid-america",MAA
Moderna,"moderna, mrna",MRNA
Mohawk Industries,"industries, mhk, mohawk",MHK
Molina Healthcare,"healthcare, moh, molina",MOH
Molson Coors Beverage Company,"bevere, company, coors, molson, tap",TAP
Monolithic Power Systems,"monolithic, mpwr, power, systems",MPWR
Moody's Corporation,"corporation, mco, moody's",MCO
Morgan Stanley,"morgan, ms, stanley",MS
Mosaic Company (The),"(the), company, mos, mosaic",MOS
Motorola Solutions,"motorola, msi, solutions",MSI
MSCI Inc.,msci,MSCI
"Nasdaq, Inc.","nasdaq,, ndaq",NDAQ
NetApp,"netapp, ntap",NTAP
Newmont,"nem, newmont",NEM
News Corp (Class A),"(class, a), corp, news, nwsa",NWSA
News Corp (Class B),"(class, b), corp, news, nws",NWS
NextEra Energy,"energy, nee, nextera",NEE
"Nike, Inc.","nike,, nke",NKE
NiSource,"ni, nisource",NI
Nordson Corporation,"corporation, ndsn, nordson",NDSN
Norfolk Southern,"norfolk, nsc, southern",NSC
Northern Trust,"northern, ntrs, trust",NTRS
Northrop Grumman,"grumman, noc, northrop",NOC
Norwegian Cruise Line Holdings,"crui, holdings, line, nclh, norwegian",NCLH
NRG Energy,"energy, nrg",NRG
Nucor,"nucor, nue",NUE
"NVR, Inc.","nvr, nvr,",NVR
Occidental Petroleum,"occidental, oxy, petroleum",OXY
Omnicom Group,"group, omc, omnicom",OMC
Oneok,"oke, oneok",OKE
Oracle Corporation,"corporation, oracle, orcl",ORCL
Otis Worldwide,"otis, worldwide",OTIS
Packaging Corporation of America,"america, corporation, of, packing, pkg",PKG
Paramount Global,"global, para, paramount",PARA
Parker Hannifin,"hannifin, parker, ph",PH
Paycom,"payc, paycom",PAYC
Pentair,"pentair, pnr",PNR
Pfizer,"pfe, pfizer",PFE
PG&E Corporation,"corporation, pcg, pg&e",PCG
Philip Morris International,"international, morris, philip, pm",PM
Phillips 66,"66, phillips, psx",PSX
Pinnacle West Capital,"capital, pinnacle, pnw, west",PNW
PNC Financial Services,"financial, pnc, rvices",PNC
Pool Corporation,"corporation, pool",POOL
PPG Industries,"industries, ppg",PPG
PPL Corporation,"corporation, ppl",PPL
Principal Financial Group,"financial, group, pfg, principal",PFG
Procter & Gamble,"&, gamble, pg, procter",PG
Progressive Corporation,"corporation, pgr, progressive",PGR
Prologis,"pld, prologis",PLD
Prudential Financial,"financial, pru, prudential",PRU
Public Service Enterprise Group,"enterpri, group, peg, public, rvice",PEG
PTC Inc.,ptc,PTC
Public Storage,"psa, public, store",PSA
PulteGroup,"phm, pultegroup",PHM
Quanta Services,"pwr, quanta, rvices",PWR
Quest Diagnostics,"dgx, dinostics, quest",DGX
Ralph Lauren Corporation,"corporation, lauren, ralph, rl",RL
Raymond James Financial,"financial, james, raymond, rjf",RJF
RTX Corporation,"corporation, rtx",RTX
Realty Income,"income, o, realty",O
Regency Centers,"centers, reg, regency",REG
Regions Financial Corporation,"corporation, financial, regions, rf",RF
Republic Services,"republic, rsg, rvices",RSG
ResMed,"resmed, rmd",RMD
Revvity,"revvity, rvty",RVTY
Rockwell Automation,"automation, rockwell, rok",ROK
"Rollins, Inc.","rol, rollins,",ROL
Royal Caribbean Group,"caribbean, group, rcl, royal",RCL
S&P Global,"global, s&p, spgi",SPGI
Salesforce,"crm, salesforce",CRM
SBA Communications,"communications, sba, sbac",SBAC
Schlumberger,"schlumberger, slb",SLB
Seagate Technology,"ate, stx, technology",STX
Sempra,"mpra, sre",SRE
ServiceNow,"now, rvicenow",NOW
Sherwin-Williams,"sherwin-williams, shw",SHW
Simon Property Group,"group, property, simon, spg",SPG
Skyworks Solutions,"skyworks, solutions, swks",SWKS
J.M. Smucker Company (The),"(the), company, j.m., sjm, smucker",SJM
Smurfit Westrock,"smurfit, sw, westrock",SW
Snap-on,"sna, snap-on",SNA
Solventum,"solv, solventum",SOLV
Southern Company,"company, so, southern",SO
Southwest Airlines,"airlines, luv, southwest",LUV
Stanley Black & Decker,"&, black, decker, stanley, swk",SWK
State Street Corporation,"corporation, state, street, stt",STT
Steel Dynamics,"dynamics, steel, stld",STLD
Steris,"ste, steris",STE
Stryker Corporation,"corporation, stryker, syk",SYK
Supermicro,"smci, supermicro",SMCI
Synchrony Financial,"financial, syf, synchrony",SYF
Sysco,"sysco, syy",SYY
T. Rowe Price,"price, rowe, t., trow",TROW
"Tapestry, Inc.","tapestry,, tpr",TPR
Targa Resources,"resources, targa, trgp",TRGP
Target Corporation,"corporation, target, tgt",TGT
TE Connectivity,"connectivity, te, tel",TEL
Teledyne Technologies,"tdy, technologies, teledyne",TDY
Teradyne,"ter, teradyne",TER
Texas Pacific Land Corporation,"corporation, land, pacific, texas, tpl",TPL
Textron,"textron, txt",TXT
Thermo Fisher Scientific,"fisher, scientific, thermo, tmo",TMO
TJX Companies,"companies, tjx",TJX
TKO Group Holdings,"group, holdings, tko",TKO
Tractor Supply,"supply, tractor, tsco",TSCO
Trane Technologies,"technologies, trane, tt",TT
TransDigm Group,"group, tdg, transdigm",TDG
Travelers Companies (The),"(the), companies, travelers, trv",TRV
Trimble Inc.,"trimble, trmb",TRMB
Truist Financial,"financial, tfc, truist",TFC
Tyler Technologies,"technologies, tyl, tyler",TYL
Tyson Foods,"foods, tsn, tyson",TSN
U.S. Bancorp,"bancorp, u.s., usb",USB
Uber,uber,UBER
"UDR, Inc.","udr, udr,",UDR
Ulta Beauty,"beauty, ulta",ULTA
Union Pacific Corporation,"corporation, pacific, union, unp",UNP
United Airlines Holdings,"airlines, holdings, ual, united",UAL
United Parcel Service,"parcel, rvice, united, ups",UPS
United Rentals,"rentals, united, uri",URI
UnitedHealth Group,"group, unh, unitedhealth",UNH
Universal Health Services,"health, rvices, uhs, universal",UHS
Valero Energy,"energy, valero, vlo",VLO
Ventas,"ventas, vtr",VTR
Veralto,"veralto, vlto",VLTO
Verisign,"verisign, vrsn",VRSN
Verizon,"verizon, vz",VZ
Viatris,"viatris, vtrs",VTRS
Vici Properties,"properties, vici",VICI
Visa Inc.,"v, visa",V
Vistra Corp.,"vistra, vst",VST
Vulcan Materials Company,"company, materials, vmc, vulcan",VMC
W. R. Berkley Corporation,"berkley, corporation, r., w., wrb",WRB
W. W. Grainger,"grainger, gww, w.",GWW
Wabtec,"wab, wabtec",WAB
Walgreens Boots Alliance,"alliance, boots, walgreens, wba",WBA
Walmart,"walmart, wmt",WMT
Walt Disney Company (The),"(the), company, dis, disney, walt",DIS
Waste Management,"manement, waste, wm",WM
Waters Corporation,"corporation, wat, waters",WAT
WEC Energy Group,"energy, group, wec",WEC
Wells Fargo,"fargo, wells, wfc",WFC
Welltower,"well, welltower",WELL
West Pharmaceutical Services,"pharmaceutical, rvices, west, wst",WST
Western Digital,"digital, wdc, western",WDC
Weyerhaeuser,"weyerhaeur, wy",WY
"Williams-Sonoma, Inc.","williams-sonoma,, wsm",WSM
Williams Companies,"companies, williams, wmb",WMB
Willis Towers Watson,"towers, watson, willis, wtw",WTW
Wynn Resorts,"resorts, wynn",WYNN
Xylem Inc.,"xyl, xylem",XYL
Yum! Brands,"brands, yum, yum!",YUM
Zebra Technologies,"technologies, zbra, zebra",ZBRA
Zimmer Biomet,"biomet, zbh, zimmer",ZBH
Zoetis,"zoetis, zts",ZTS
NESTLE Food & Beverage,"NESTLE, NESTLE Food & Beverage, NF&B",NESN.SW
NOVARTIS Health Care,"NHC, NOVARTIS, NOVARTIS Health Care",NVS
ROCHE HLDG P Health Care,"ROCHE, ROCHE  P Health Care, ROCHE HLDG P Health Care, RPHC",ROG.SW
HSBC Banks,"HB, HSBC, HSBC Banks",HSBC
TOTAL Oil & Gas,"TO&G, TOTAL, TOTAL Oil & Gas",VTI
BRITISH AMERICAN TOBACCO Personal & Household Goods,"BATP&HG, BRITISH, BRITISH AMERICAN TOBACCO Personal & Household Goods",PSF=F
NOVO NORDISK B Health Care,"NNBHC, NOVO, NOVO NORDISK B Health Care",NVO
GLAXOSMITHKLINE Health Care,"GHC, GLAXOSMITHKLINE, GLAXOSMITHKLINE Health Care",GLAXO.NS
ROYAL DUTCH SHELL A Oil & Gas,"RDSAO&G, ROYAL, ROYAL DUTCH SHELL A Oil & Gas",RY.TO
SANOFI Health Care,"SANOFI, SANOFI Health Care, SHC",SNY
BP Oil & Gas,"BO&G, BP Oil & Gas",BP
ANHEUSER-BUSCH INBEV Food & Beverage,"AIF&B, ANHEUSER-BUSCH, ANHEUSER-BUSCH INBEV Food & Beverage",BUD
BAYER Chemicals,"BAYER, BAYER Chemicals, BC",BAYN.DE
VODAFONE GRP Telecommunications,"VODAFONE, VODAFONE  Telecommunications, VODAFONE GRP Telecommunications, VT",VOD
SIEMENS Industrial Goods & Services,"SIEMENS, SIEMENS Industrial Goods & Services, SIG&S",SIE.DE
SAP Technology,"SAP, SAP Technology, ST",SAP
DAIMLER Automobiles & Parts,"DA&P, DAIMLER, DAIMLER Automobiles & Parts",DTG.DE
ALLIANZ Insurance,"AI, ALLIANZ, ALLIANZ Insurance",ALV.DE
ASTRAZENECA Health Care,"AHC, ASTRAZENECA, ASTRAZENECA Health Care",AZN
UNILEVER NV Personal & Household Goods,"UNILEVER, UNILEVER  Personal & Household Goods, UNILEVER NV Personal & Household Goods, UP&HG",UL
BCO SANTANDER Banks,"BCO, BCO SANTANDER Banks, BSB",BCO
BASF Chemicals,"BASF, BASF Chemicals, BC",BAS.DE
DIAGEO Food & Beverage,"DF&B, DIAGEO, DIAGEO Food & Beverage",DEO
LLOYDS BANKING GRP Banks,"LBB, LLOYDS, LLOYDS BANKING  Banks, LLOYDS BANKING GRP Banks",LLOY.L
RECKITT BENCKISER GRP Personal & Household Goods,"RBP&HG, RECKITT, RECKITT BENCKISER  Personal & Household Goods, RECKITT BENCKISER GRP Personal & Household Goods",RKT.L
UBS GROUP Banks,"UB, UBS, UBS  Banks, UBS GROUP Banks",UBS
UNILEVER PLC Personal & Household Goods,"UNILEVER, UNILEVER  Personal & Household Goods, UNILEVER PLC Personal & Household Goods, UP&HG",UL
BNP PARIBAS Banks,"BNP, BNP PARIBAS Banks, BPB",BNP.PA
BT GRP Telecommunications,"BT, BT  Telecommunications, BT GRP Telecommunications",BTC=F
DEUTSCHE TELEKOM Telecommunications,"DEUTSCHE, DEUTSCHE TELEKOM Telecommunications, DTT",DB
NATIONAL GRID Utilities,"NATIONAL, NATIONAL GRID Utilities, NGU",FNMA
IMPERIAL BRANDS Personal & Household Goods,"IBP&HG, IMPERIAL, IMPERIAL BRANDS Personal & Household Goods",CM.TO
AXA Insurance,"AI, AXA, AXA Insurance",CS.PA
PRUDENTIAL Insurance,"PI, PRUDENTIAL, PRUDENTIAL Insurance",PRU
ING GRP Banks,"IB, ING, ING  Banks, ING GRP Banks",ING
TELEFONICA Telecommunications,"TELEFONICA, TELEFONICA Telecommunications, TT",VIV
LVMH MOET HENNESSY Personal & Household Goods,"LMHP&HG, LVMH, LVMH MOET HENNESSY Personal & Household Goods",MC.PA
BCO BILBAO VIZCAYA ARGENTARIA Banks,"BBVAB, BCO, BCO BILBAO VIZCAYA ARGENTARIA Banks",BCO
L'OREAL Personal & Household Goods,"L'OREAL, L'OREAL Personal & Household Goods, LP&HG",OR.PA
DANONE Food & Beverage,"DANONE, DANONE Food & Beverage, DF&B",BN.PA
ABB Industrial Goods & Services,"ABB, ABB Industrial Goods & Services, AIG&S",ABBV
VINCI Construction & Materials,"VC&M, VINCI, VINCI Construction & Materials",DG.PA
INTESA SANPAOLO Banks,"INTESA, INTESA SANPAOLO Banks, ISB",ISP.MI
AIRBUS GROUP SE Industrial Goods & Services,"AIG&S, AIRBUS, AIRBUS   Industrial Goods & Services, AIRBUS GROUP SE Industrial Goods & Services",AIR.PA
BARCLAYS Banks,"BARCLAYS, BARCLAYS Banks, BB",BARC.L
ENI Oil & Gas,"ENI, ENI Oil & Gas, EO&G",EI4.SG
IBERDROLA Utilities,"IBERDROLA, IBERDROLA Utilities, IU",IBE.MC
AIR LIQUIDE Chemicals,"AIR, AIR LIQUIDE Chemicals, ALC",AIR
SCHNEIDER ELECTRIC Industrial Goods & Services,"SCHNEIDER, SCHNEIDER ELECTRIC Industrial Goods & Services, SEIG&S",SNDR
ASML HLDG Technology,"ASML, ASML  Technology, ASML HLDG Technology, AT",ASML
ORANGE Telecommunications,"ORANGE, ORANGE Telecommunications, OT",OJ=F
RIO TINTO Basic Resources,"RIO, RIO TINTO Basic Resources, RTBR",RIO
ZURICH INSURANCE GROUP Insurance,"ZII, ZURICH, ZURICH INSURANCE  Insurance, ZURICH INSURANCE GROUP Insurance",ZURN.SW
CIE FINANCIERE RICHEMONT Personal & Household Goods,"CFRP&HG, CIE, CIE FINANCIERE RICHEMONT Personal & Household Goods",CIEN
NOKIA Technology,"NOKIA, NOKIA Technology, NT",NOK
GRP SOCIETE GENERALE Banks,"GRP SOCIETE GENERALE Banks, SGB, SOCIETE, SOCIETE GENERALE Banks",GRPN
NORDEA BANK Banks,"NBB, NORDEA, NORDEA BANK Banks",NDA-FI.HE
SHIRE Health Care,"SHC, SHIRE, SHIRE Health Care",SHRS.L
SWISS REINSURANCE COMPANY Insurance,"SRI, SWISS, SWISS REINSURANCE  Insurance, SWISS REINSURANCE COMPANY Insurance",SJY=F
HENNES & MAURITZ B Retail,"H&MBR, HENNES, HENNES & MAURITZ B Retail",MC.PA
ENEL Utilities,"ENEL, ENEL Utilities, EU",ENEL.MI
MUENCHENER RUECK Insurance,"MRI, MUENCHENER, MUENCHENER RUECK Insurance",MUV2.DE
WPP Media,"WM, WPP, WPP Media",WPP
ERICSSON LM B Technology,"ELBT, ERICSSON, ERICSSON LM B Technology",ERIC
BMW Automobiles & Parts,"BA&P, BMW, BMW Automobiles & Parts",BMW.DE
COMPASS GRP Travel & Leisure,"COMPASS, COMPASS  Travel & Leisure, COMPASS GRP Travel & Leisure, CT&L",CMPS
AVIVA Insurance,"AI, AVIVA, AVIVA Insurance",AV.L
GLENCORE PLC Basic Resources,"GBR, GLENCORE, GLENCORE  Basic Resources, GLENCORE PLC Basic Resources",GLEN.L
FRESENIUS Health Care,"FHC, FRESENIUS, FRESENIUS Health Care",FRE.DE
UNIBAIL-RODAMCO Real Estate,"UNIBAIL-RODAMCO, UNIBAIL-RODAMCO Real Estate, URE",URW.PA
PHILIPS Industrial Goods & Services,"PHILIPS, PHILIPS Industrial Goods & Services, PIG&S",PHG
DEUTSCHE BANK Banks,"DBB, DEUTSCHE, DEUTSCHE BANK Banks",DB
ESSILOR INTERNATIONAL Health Care,"EHC, ESSILOR, ESSILOR  Health Care, ESSILOR INTERNATIONAL Health Care",ESLOY
DEUTSCHE POST Industrial Goods & Services,"DEUTSCHE, DEUTSCHE POST Industrial Goods & Services, DPIG&S",DB
ENGIE Utilities,"ENGIE, ENGIE Utilities, EU",ENGI.PA
BHP BILLITON Basic Resources,"BBBR, BHP, BHP BILLITON Basic Resources",BHP
VIVENDI Media,"VIVENDI, VIVENDI Media, VM",VVUD.F
UNICREDIT Banks,"UB, UNICREDIT, UNICREDIT Banks",UCG.MI
LINDE Chemicals,"LC, LINDE, LINDE Chemicals",LIN
VOLKSWAGEN PREF Automobiles & Parts,"VOLKSWAGEN, VOLKSWAGEN PREF Automobiles & Parts, VPA&P",VOW3.DE
CREDIT SUISSE GRP Banks,"CREDIT, CREDIT SUISSE  Banks, CREDIT SUISSE GRP Banks, CSB",ECC
PERNOD RICARD Food & Beverage,"PERNOD, PERNOD RICARD Food & Beverage, PRF&B",RI.PA
SAMPO Insurance,"SAMPO, SAMPO Insurance, SI",SAMPO.HE
CONTINENTAL Automobiles & Parts,"CA&P, CONTINENTAL, CONTINENTAL Automobiles & Parts",CON.DE
ADIDAS Personal & Household Goods,"ADIDAS, ADIDAS Personal & Household Goods, AP&HG",ADS.DE
SAFRAN Industrial Goods & Services,"SAFRAN, SAFRAN Industrial Goods & Services, SIG&S",SAF.PA
CRH Construction & Materials,"CC&M, CRH, CRH Construction & Materials",CRH
BAE SYSTEMS Industrial Goods & Services,"BAE, BAE SYSTEMS Industrial Goods & Services, BSIG&S",BAER
SCOTTISH & SOUTHERN ENERGY Utilities,"S&SEU, SCOTTISH, SCOTTISH & SOUTHERN ENERGY Utilities",SMT.L
TESCO Retail,"TESCO, TESCO Retail, TR",TSCO.L
SAINT GOBAIN Construction & Materials,"SAINT, SAINT GOBAIN Construction & Materials, SGC&M",SGO.PA
LEGAL & GENERAL GRP Insurance,"L&GI, LEGAL, LEGAL & GENERAL  Insurance, LEGAL & GENERAL GRP Insurance",LGEN.L
ASSICURAZIONI GENERALI Insurance,"AGI, ASSICURAZIONI, ASSICURAZIONI GENERALI Insurance",G.MI
SWEDBANK Banks,"SB, SWEDBANK, SWEDBANK Banks",SWED-A.ST
ARM Technology,"ARM, ARM Technology, AT",ARM
REED ELSEVIER PLC Media,"REED, REED ELSEVIER  Media, REED ELSEVIER PLC Media, REM",REED
RENAULT Automobiles & Parts,"RA&P, RENAULT, RENAULT Automobiles & Parts",RNO.PA
DANSKE BANK Banks,"DANSKE, DANSKE BANK Banks, DBB",DANSKE.CO
SVENSKA HANDELSBANKEN A Banks,"SHAB, SVENSKA, SVENSKA HANDELSBANKEN A Banks",SHB-A.ST
KONE B Industrial Goods & Services,"KBIG&S, KONE, KONE B Industrial Goods & Services",KNEBV.HE
STANDARD CHARTERED Banks,"SCB, STANDARD, STANDARD CHARTERED Banks",CNH=F
E.ON Utilities,"E.ON, E.ON Utilities, EU",EOAN.DE
ASSA ABLOY Construction & Materials,"AAC&M, ASSA, ASSA ABLOY Construction & Materials",ASAI3.SA
HENKEL PREF Personal & Household Goods,"HENKEL, HENKEL PREF Personal & Household Goods, HPP&HG",HENOY
HEINEKEN Food & Beverage,"HEINEKEN, HEINEKEN Food & Beverage, HF&B",4H5.F
ROLLS ROYCE HLDG Industrial Goods & Services,"ROLLS, ROLLS ROYCE  Industrial Goods & Services, ROLLS ROYCE HLDG Industrial Goods & Services, RRIG&S",RYCEY
MICHELIN Automobiles & Parts,"MA&P, MICHELIN, MICHELIN Automobiles & Parts",ML.PA
FRESENIUS MEDICAL CARE Health Care,"FMCHC, FRESENIUS, FRESENIUS MEDICAL CARE Health Care",FRE.DE
AMADEUS IT HLDG Industrial Goods & Services,"AIIG&S, AMADEUS, AMADEUS IT  Industrial Goods & Services, AMADEUS IT HLDG Industrial Goods & Services",AAD.VI
SVENSKA CELLULOSA B Personal & Household Goods,"SCBP&HG, SVENSKA, SVENSKA CELLULOSA B Personal & Household Goods",SHB-A.ST
ASSOCIATED BRITISH FOODS Food & Beverage,"ABFF&B, ASSOCIATED, ASSOCIATED BRITISH FOODS Food & Beverage",ASB
VOLVO B Industrial Goods & Services,"VBIG&S, VOLVO, VOLVO B Industrial Goods & Services",VOLCAR-B.ST
RELX NV Media,"RELX, RELX  Media, RELX NV Media, RM",RELX
SKANDINAVISKA ENSKILDA BK A Banks,"SEBAB, SKANDINAVISKA, SKANDINAVISKA ENSKILDA BK A Banks",SEBA.F
EXPERIAN Industrial Goods & Services,"EIG&S, EXPERIAN, EXPERIAN Industrial Goods & Services",EXPN.L
CENTRICA Utilities,"CENTRICA, CENTRICA Utilities, CU",CNA.L
AHOLD Retail,"AHOLD, AHOLD Retail, AR",AD.AS
INVESTOR B Financial Services,"IBFS, INVESTOR, INVESTOR B Financial Services",OHI
DEUTSCHE BOERSE Financial Services,"DBFS, DEUTSCHE, DEUTSCHE BOERSE Financial Services",DB
AKZO NOBEL Chemicals,"AKZO, AKZO NOBEL Chemicals, ANC",AKU1.F
ATLAS COPCO A Industrial Goods & Services,"ACAIG&S, ATLAS, ATLAS COPCO A Industrial Goods & Services",TEAM
VESTAS WIND SYSTEMS Oil & Gas,"VESTAS, VESTAS WIND SYSTEMS Oil & Gas, VWSO&G",VWS.CO
INFINEON TECHNOLOGIES Technology,"INFINEON, INFINEON TECHNOLOGIES Technology, ITT",IFNNY
CAP GEMINI Technology,"CAP, CAP GEMINI Technology, CGT",USC=F
SKY Media,"SKY, SKY Media, SM",SKY
PANDORA Personal & Household Goods,"PANDORA, PANDORA Personal & Household Goods, PP&HG",PNDORA.CO
GIVAUDAN Chemicals,"GC, GIVAUDAN, GIVAUDAN Chemicals",GIVN.SW
Vonovia SE Real Estate,"VRE, Vonovia, Vonovia  Real Estate, Vonovia SE Real Estate",VNA.DE
CARREFOUR Retail,"CARREFOUR, CARREFOUR Retail, CR",CA.PA
SMITH & NEPHEW Health Care,"S&NHC, SMITH, SMITH & NEPHEW Health Care",SWBI
NEXT Retail,"NEXT, NEXT Retail, NR",NEXT
LEGRAND Industrial Goods & Services,"LEGRAND, LEGRAND Industrial Goods & Services, LIG&S",LRC.F
PUBLICIS GRP Media,"PM, PUBLICIS, PUBLICIS  Media, PUBLICIS GRP Media",PUB.PA
OLD MUTUAL Insurance,"OLD, OLD MUTUAL Insurance, OMI",ODFL
KPN Telecommunications,"KPN, KPN Telecommunications, KT",KPNA.XC
KERRY GRP Food & Beverage,"KERRY, KERRY  Food & Beverage, KERRY GRP Food & Beverage, KF&B",KRZA.F
KBC GRP Banks,"KB, KBC, KBC  Banks, KBC GRP Banks",KBC.BR
GEBERIT Construction & Materials,"GC&M, GEBERIT, GEBERIT Construction & Materials",GBRE.F
SWISSCOM Telecommunications,"ST, SWISSCOM, SWISSCOM Telecommunications",SWJ.F
CREDIT AGRICOLE Banks,"CAB, CREDIT, CREDIT AGRICOLE Banks",ECC
LONDON STOCK EXCHANGE Financial Services,"LONDON, LONDON STOCK EXCHANGE Financial Services, LSEFS",OLOXF
Kering Retail,"KR, Kering, Kering Retail",KER.PA
ITV Media,"IM, ITV, ITV Media",IJ7.F
SNAM RETE GAS Utilities,"SNAM, SNAM RETE GAS Utilities, SRGU",SRG.MI
TELECOM ITALIA Telecommunications,"TELECOM, TELECOM ITALIA Telecommunications, TIT",CMTL
REPSOL Oil & Gas,"REPSOL, REPSOL Oil & Gas, RO&G",REP.MC
VALEO Automobiles & Parts,"VA&P, VALEO, VALEO Automobiles & Parts",FR.PA
LAND SECURITIES Real Estate,"LAND, LAND SECURITIES Real Estate, LSRE",LAND
WOLTERS KLUWER Media,"WKM, WOLTERS, WOLTERS KLUWER Media",WOS.F
KINGFISHER Retail,"KINGFISHER, KINGFISHER Retail, KR",0P00016C12.L
HEIDELBERGCEMENT Construction & Materials,"HC&M, HEIDELBERGCEMENT, HEIDELBERGCEMENT Construction & Materials",HEI.MU
SANDVIK Industrial Goods & Services,"SANDVIK, SANDVIK Industrial Goods & Services, SIG&S",SAND.ST
ANGLO AMERICAN Basic Resources,"AABR, ANGLO, ANGLO AMERICAN Basic Resources",AU
SGS Industrial Goods & Services,"SGS, SGS Industrial Goods & Services, SIG&S",SGSUL.XC
DNB Banks,"DB, DNB, DNB Banks",DNB
TELENOR Telecommunications,"TELENOR, TELENOR Telecommunications, TT",TEL.OL
ADECCO Industrial Goods & Services,"ADECCO, ADECCO Industrial Goods & Services, AIG&S",AHEXY
VEOLIA ENVIRONNEMENT Utilities,"VEOLIA, VEOLIA ENVIRONNEMENT Utilities, VEU",VEOEF
PROSIEBENSAT.1 MEDIA Media,"PMM, PROSIEBENSAT.1, PROSIEBENSAT.1 MEDIA Media",PSM.HA
SWATCH BEARER Personal & Household Goods,"SBP&HG, SWATCH, SWATCH BEARER Personal & Household Goods",UHR.SW
DELHAIZE GRP Retail,"DELHAIZE, DELHAIZE  Retail, DELHAIZE GRP Retail, DR",AD.AS
BOUYGUES Construction & Materials,"BC&M, BOUYGUES, BOUYGUES Construction & Materials",EN.PA
MERCK Health Care,"MERCK, MERCK Health Care, MHC",MRK
ROYAL BANK OF SCOTLAND GRP Banks,"RBOSB, ROYAL, ROYAL BANK OF SCOTLAND  Banks, ROYAL BANK OF SCOTLAND GRP Banks",RY.TO
AEGON Insurance,"AEGON, AEGON Insurance, AI",AEG
PEARSON Media,"PEARSON, PEARSON Media, PM",PSO
DASSAULT SYSTEMS Technology,"DASSAULT, DASSAULT SYSTEMS Technology, DST",DSY.PA
STANDARD LIFE Insurance,"SLI, STANDARD, STANDARD LIFE Insurance",CNH=F
WHITBREAD Travel & Leisure,"WHITBREAD, WHITBREAD Travel & Leisure, WT&L",WHF4.F
SODEXO Travel & Leisure,"SODEXO, SODEXO Travel & Leisure, ST&L",SJ7.F
CAPITA GRP Industrial Goods & Services,"CAPITA, CAPITA  Industrial Goods & Services, CAPITA GRP Industrial Goods & Services, CIG&S",OXLC
RYANAIR Travel & Leisure,"RT&L, RYANAIR, RYANAIR Travel & Leisure",RYA.IR
SES Media,"SES, SES Media, SM",SES
INTERCONTINENTAL HOTELS GRP Travel & Leisure,"IHT&L, INTERCONTINENTAL, INTERCONTINENTAL HOTELS  Travel & Leisure, INTERCONTINENTAL HOTELS GRP Travel & Leisure",ICE
UCB Health Care,"UCB, UCB Health Care, UHC",UCB
BRITISH LAND COMPANY Real Estate,"BLRE, BRITISH, BRITISH LAND  Real Estate, BRITISH LAND COMPANY Real Estate",PSF=F
SAGE GRP Technology,"SAGE, SAGE  Technology, SAGE GRP Technology, ST",SAGE
MARKS & SPENCER GRP Retail,"M&SR, MARKS, MARKS & SPENCER  Retail, MARKS & SPENCER GRP Retail",MKS.L
FERROVIAL Construction & Materials,"FC&M, FERROVIAL, FERROVIAL Construction & Materials",8ZQ.F
KONINKLIJKE DSM Chemicals,"KDC, KONINKLIJKE, KONINKLIJKE DSM Chemicals",PHG
KLEPIERRE Real Estate,"KLEPIERRE, KLEPIERRE Real Estate, KRE",KPR.F
COMMERZBANK Banks,"CB, COMMERZBANK, COMMERZBANK Banks",CBK.DE
JULIUS BAER GRP Banks,"JBB, JULIUS, JULIUS BAER  Banks, JULIUS BAER GRP Banks",BAER.SW
BCO SABADELL Banks,"BCO, BCO SABADELL Banks, BSB",BCO
BUNZL Industrial Goods & Services,"BIG&S, BUNZL, BUNZL Industrial Goods & Services",BZLFY
CARNIVAL Travel & Leisure,"CARNIVAL, CARNIVAL Travel & Leisure, CT&L",CCL
HEXAGON B Technology,"HBT, HEXAGON, HEXAGON B Technology",HEXA-B.ST
CARLSBERG B Food & Beverage,"CARLSBERG, CARLSBERG B Food & Beverage, CBF&B",CARL-B.CO
RED ELECTRICA CORPORATION Utilities,"RECU, RED, RED ELECTRICA CORPORATION Utilities",RDW
DEUTSCHE WOHNEN Real Estate,"DEUTSCHE, DEUTSCHE WOHNEN Real Estate, DWRE",DB
AENA Industrial Goods & Services,"AENA, AENA Industrial Goods & Services, AIG&S",AENA.VI
ACCOR Travel & Leisure,"ACCOR, ACCOR Travel & Leisure, AT&L",AC.PA
PERSIMMON Personal & Household Goods,"PERSIMMON, PERSIMMON Personal & Household Goods, PP&HG",PSMMY
UPM KYMMENE Basic Resources,"UKBR, UPM, UPM KYMMENE Basic Resources",UPM.HE
EDP ENERGIAS DE PORTUGAL Utilities,"EDP, EDP ENERGIAS DE PORTUGAL Utilities, EEDPU",EDP.F
BEIERSDORF Personal & Household Goods,"BEIERSDORF, BEIERSDORF Personal & Household Goods, BP&HG",BEIA.F
NOVOZYMES Health Care,"NHC, NOVOZYMES, NOVOZYMES Health Care",NZM.F
UNITED UTILITIES GRP Utilities,"UNITED, UNITED UTILITIES  Utilities, UNITED UTILITIES GRP Utilities, UUU",UNH
COLOPLAST B Health Care,"CBHC, COLOPLAST, COLOPLAST B Health Care",COLO-B.CO
CHRISTIAN DIOR Personal & Household Goods,"CDP&HG, CHRISTIAN, CHRISTIAN DIOR Personal & Household Goods",CHDRF
TAYLOR WIMPEY Personal & Household Goods,"TAYLOR, TAYLOR WIMPEY Personal & Household Goods, TWP&HG",TWODY
RANDGOLD RESOURCES Basic Resources,"RANDGOLD, RANDGOLD RESOURCES Basic Resources, RRBR",RNDXF
BURBERRY Personal & Household Goods,"BP&HG, BURBERRY, BURBERRY Personal & Household Goods",BRBY.L
LONZA Health Care,"LHC, LONZA, LONZA Health Care",LZAGY
ERSTE GROUP BANK Banks,"EBB, ERSTE, ERSTE  BANK Banks, ERSTE GROUP BANK Banks",EBS.VI
THALES Industrial Goods & Services,"THALES, THALES Industrial Goods & Services, TIG&S",CSF.HM
THYSSENKRUPP Industrial Goods & Services,"THYSSENKRUPP, THYSSENKRUPP Industrial Goods & Services, TIG&S",TKA.DE
AGEAS Insurance,"AGEAS, AGEAS Insurance, AI",AGS.BR
SWISS LIFE HLDG Insurance,"SLI, SWISS, SWISS LIFE  Insurance, SWISS LIFE HLDG Insurance",SJY=F
GEA GRP Industrial Goods & Services,"GEA, GEA  Industrial Goods & Services, GEA GRP Industrial Goods & Services, GIG&S",GEAHF
BRENNTAG Chemicals,"BC, BRENNTAG, BRENNTAG Chemicals",BNTGY
IAG Travel & Leisure,"IAG, IAG Travel & Leisure, IT&L",IAG
BARRATT DEVELOPMENTS Personal & Household Goods,"BARRATT, BARRATT DEVELOPMENTS Personal & Household Goods, BDP&HG",3BAA.F
SKANSKA B Construction & Materials,"SBC&M, SKANSKA, SKANSKA B Construction & Materials",SKA-B.ST
BANK OF IRELAND Banks,"BANK, BANK OF IRELAND Banks, BOIB",SXB=F
SIKA Construction & Materials,"SC&M, SIKA, SIKA Construction & Materials",SIKB.F
PEUGEOT Automobiles & Parts,"PA&P, PEUGEOT, PEUGEOT Automobiles & Parts",PEUGP.XD
HERMES INTERNATIONAL Personal & Household Goods,"HERMES, HERMES  Personal & Household Goods, HERMES INTERNATIONAL Personal & Household Goods, HP&HG",RMS.PA
PORSCHE PREF Automobiles & Parts,"PORSCHE, PORSCHE PREF Automobiles & Parts, PPA&P",PAH3.DE
SYMRISE Chemicals,"SC, SYMRISE, SYMRISE Chemicals",SYIEY
NN GROUP Insurance,"NI, NN  Insurance, NN GROUP Insurance",NN
LINDT & SPRUENGLI REG Food & Beverage,"L&SRF&B, LINDT, LINDT & SPRUENGLI REG Food & Beverage",LISN.SW
ARCELORMITTAL Basic Resources,"ABR, ARCELORMITTAL, ARCELORMITTAL Basic Resources",MT
KUEHNE + NAGEL Industrial Goods & Services,"K+NIG&S, KUEHNE, KUEHNE + NAGEL Industrial Goods & Services",KNIN.SW
TERNA Utilities,"TERNA, TERNA Utilities, TU",TEZNY
CAIXABANK Banks,"CAIXABANK, CAIXABANK Banks, CB",0P0000CO1H.F
TUI Travel & Leisure,"TT&L, TUI, TUI Travel & Leisure",TUI1.DE
SCHINDLER P Industrial Goods & Services,"SCHINDLER, SCHINDLER P Industrial Goods & Services, SPIG&S",SHR.F
DSV B Industrial Goods & Services,"DBIG&S, DSV, DSV B Industrial Goods & Services",DSVSF
JOHNSON MATTHEY Chemicals,"JMC, JOHNSON, JOHNSON MATTHEY Chemicals",JNJ
DIRECT LINE INSURANCE GROUP Insurance,"DIRECT, DIRECT LINE INSURANCE  Insurance, DIRECT LINE INSURANCE GROUP Insurance, DLII",MSM
DCC Industrial Goods & Services,"DCC, DCC Industrial Goods & Services, DIG&S",DCC.F
SEVERN TRENT Utilities,"SEVERN, SEVERN TRENT Utilities, STU",STRNY
HEINEKEN HLDG Food & Beverage,"HEINEKEN, HEINEKEN  Food & Beverage, HEINEKEN HLDG Food & Beverage, HF&B",4H5.F
INTERTEK GRP Industrial Goods & Services,"IIG&S, INTERTEK, INTERTEK  Industrial Goods & Services, INTERTEK GRP Industrial Goods & Services",IKTSF
FIAT CHRYSLER AUTOMOBILES Automobiles & Parts,"FCAA&P, FIAT, FIAT CHRYSLER AUTOMOBILES Automobiles & Parts",FIAT
SOLVAY Chemicals,"SC, SOLVAY, SOLVAY Chemicals",SOLBB.XC
PARTNERS GRP HLDG Financial Services,"PARTNERS, PARTNERS   Financial Services, PARTNERS GRP HLDG Financial Services, PFS",EPD
ATOS Technology,"AT, ATOS, ATOS Technology",ATOS
MONDI Basic Resources,"MBR, MONDI, MONDI Basic Resources",0P0001JQ40.TO
SONOVA Health Care,"SHC, SONOVA, SONOVA Health Care",PHBN.F
RSA INSURANCE GRP Insurance,"RII, RSA, RSA INSURANCE  Insurance, RSA INSURANCE GRP Insurance",RSASF
CNH Industrial NV Industrial Goods & Services,"CIIG&S, CNH, CNH Industrial  Industrial Goods & Services, CNH Industrial NV Industrial Goods & Services",CNH
ORKLA Food & Beverage,"OF&B, ORKLA, ORKLA Food & Beverage",OKL.F
WARTSILA Industrial Goods & Services,"WARTSILA, WARTSILA Industrial Goods & Services, WIG&S",WRTBF
MORRISON (WILLIAM) SUPERMARK Retail,"M(SR, MORRISON, MORRISON (WILLIAM) SUPERMARK Retail",TMHC
HANNOVER RUECK Insurance,"HANNOVER, HANNOVER RUECK Insurance, HRI",HNR1.DE
ENAGAS Utilities,"ENAGAS, ENAGAS Utilities, EU",ENGGY
SKF B Industrial Goods & Services,"SBIG&S, SKF, SKF B Industrial Goods & Services",SKF
GRP BRUXELLES LAMBERT Financial Services,"BLFS, BRUXELLES, BRUXELLES LAMBERT Financial Services, GRP BRUXELLES LAMBERT Financial Services",GRPN
GENMAB Health Care,"GENMAB, GENMAB Health Care, GHC",GMAB.CO
FORTUM Utilities,"FORTUM, FORTUM Utilities, FU",FORTUM.HE
SWEDISH MATCH Personal & Household Goods,"SMP&HG, SWEDISH, SWEDISH MATCH Personal & Household Goods",SEK=F
TRAVIS PERKINS Industrial Goods & Services,"TPIG&S, TRAVIS, TRAVIS PERKINS Industrial Goods & Services",TPRKY
RANDSTAD Industrial Goods & Services,"RANDSTAD, RANDSTAD Industrial Goods & Services, RIG&S",RSH0.SG
ALTICE NV A Telecommunications,"AAT, ALTICE, ALTICE  A Telecommunications, ALTICE NV A Telecommunications",ATUS
HAMMERSON Real Estate,"HAMMERSON, HAMMERSON Real Estate, HRE",HMSNF
INVESTMENT KINNEVIK B Financial Services,"IKBFS, INVESTMENT, INVESTMENT KINNEVIK B Financial Services",AGNC
INFORMA Media,"IM, INFORMA, INFORMA Media",VGT
BALOISE Insurance,"BALOISE, BALOISE Insurance, BI",BLO.SG
ASHTEAD GRP Industrial Goods & Services,"AIG&S, ASHTEAD, ASHTEAD  Industrial Goods & Services, ASHTEAD GRP Industrial Goods & Services",AHT.L
YARA Chemicals,"YARA, YARA Chemicals, YC",YAR.OL
TECHNIP Oil & Gas,"TECHNIP, TECHNIP Oil & Gas, TO&G",FTI
GRIFOLS Health Care,"GHC, GRIFOLS, GRIFOLS Health Care",GRF.MC
3I GRP Financial Services,"3FS, 3I  Financial Services, 3I GRP Financial Services",TGOPY
CHR HANSEN HLDG Health Care,"CHHC, CHR, CHR HANSEN  Health Care, CHR HANSEN HLDG Health Care",CHR
PROVIDENT FINANCIAL Financial Services,"PFFS, PROVIDENT, PROVIDENT FINANCIAL Financial Services",PFS
SMITHS GRP Industrial Goods & Services,"SIG&S, SMITHS, SMITHS  Industrial Goods & Services, SMITHS GRP Industrial Goods & Services",T6N.F
BERKELEY GRP HLDG Personal & Household Goods,"BERKELEY, BERKELEY   Personal & Household Goods, BERKELEY GRP HLDG Personal & Household Goods, BP&HG",BKY.AX
SCOR Insurance,"SCOR, SCOR Insurance, SI",SCOR
ENDESA Utilities,"ENDESA, ENDESA Utilities, EU",ENA.F
EIFFAGE Construction & Materials,"EC&M, EIFFAGE, EIFFAGE Construction & Materials",EF3.F
ADMIRAL GRP Insurance,"ADMIRAL, ADMIRAL  Insurance, ADMIRAL GRP Insurance, AI",VFIAX
SWISS PRIME SITE Real Estate,"SPSRE, SWISS, SWISS PRIME SITE Real Estate",SJY=F
UNITED INTERNET Technology,"UIT, UNITED, UNITED INTERNET Technology",UNH
ELECTROLUX B Personal & Household Goods,"EBP&HG, ELECTROLUX, ELECTROLUX B Personal & Household Goods",ELXA.F
RWE Utilities,"RU, RWE, RWE Utilities",RWE.DE
CRODA INTERNATIONAL Chemicals,"CC, CRODA, CRODA  Chemicals, CRODA INTERNATIONAL Chemicals",CRDA.L
SUEZ ENVIRONNEMENT Utilities,"SEU, SUEZ, SUEZ ENVIRONNEMENT Utilities",SUEZF
ACS Construction & Materials,"AC&M, ACS, ACS Construction & Materials",6232.T
RIGHTMOVE GRP Media,"RIGHTMOVE, RIGHTMOVE  Media, RIGHTMOVE GRP Media, RM",3JDA.F
BUREAU VERITAS Industrial Goods & Services,"BUREAU, BUREAU VERITAS Industrial Goods & Services, BVIG&S",4BV.F
FERRARI Automobiles & Parts,"FA&P, FERRARI, FERRARI Automobiles & Parts",RACE
SAINSBURY (J) Retail,"S(R, SAINSBURY, SAINSBURY (J) Retail",SBRY.L
ELISA CORPORATION Telecommunications,"ECT, ELISA, ELISA CORPORATION Telecommunications",EIA.F
ROYAL MAIL Industrial Goods & Services,"RMIG&S, ROYAL, ROYAL MAIL Industrial Goods & Services",RY.TO
DS SMITH Industrial Goods & Services,"DS SMITH Industrial Goods & Services, DSIG&S",DSVSF
TENARIS Basic Resources,"TBR, TENARIS, TENARIS Basic Resources",TS
BCO POPULAR ESPANOL Banks,"BCO, BCO POPULAR ESPANOL Banks, BPEB",BCO
LEG IMMOBILIEN Real Estate,"LEG, LEG IMMOBILIEN Real Estate, LIRE",LEG
NORSK HYDRO Basic Resources,"NHBR, NORSK, NORSK HYDRO Basic Resources",NHY.OL
SMURFIT KAPPA GRP Industrial Goods & Services,"SKIG&S, SMURFIT, SMURFIT KAPPA  Industrial Goods & Services, SMURFIT KAPPA GRP Industrial Goods & Services",SW
MARINE HARVEST Food & Beverage,"MARINE, MARINE HARVEST Food & Beverage, MHF&B",OMEX
GALP ENERGIA Oil & Gas,"GALP, GALP ENERGIA Oil & Gas, GEO&G",GZ5.F
GRP EUROTUNNEL Industrial Goods & Services,"EIG&S, EUROTUNNEL, EUROTUNNEL Industrial Goods & Services, GRP EUROTUNNEL Industrial Goods & Services",GRPN
GALENICA Retail,"GALENICA, GALENICA Retail, GR",GALE.SW
QIAGEN Health Care,"QHC, QIAGEN, QIAGEN Health Care",QGEN
ISS AS Industrial Goods & Services,"IAIG&S, ISS, ISS AS Industrial Goods & Services",ISSC
ALFA LAVAL Industrial Goods & Services,"ALFA, ALFA LAVAL Industrial Goods & Services, ALIG&S",ALFAA.MX
STORA ENSO R Basic Resources,"SERBR, STORA, STORA ENSO R Basic Resources",PSTG
DERWENT LONDON Real Estate,"DERWENT, DERWENT LONDON Real Estate, DLRE",DVK.MU
GECINA Real Estate,"GECINA, GECINA Real Estate, GRE",GI6A.F
CLARIANT Chemicals,"CC, CLARIANT, CLARIANT Chemicals",CLN.SW
ARKEMA Chemicals,"AC, ARKEMA, ARKEMA Chemicals",ARKAY
SECURITAS B Industrial Goods & Services,"SBIG&S, SECURITAS, SECURITAS B Industrial Goods & Services",SECU-B.ST
EUTELSAT COMMUNICATION Media,"ECM, EUTELSAT, EUTELSAT COMMUNICATION Media",ETL.PA
TELEPERFORMANCE Industrial Goods & Services,"TELEPERFORMANCE, TELEPERFORMANCE Industrial Goods & Services, TIG&S",TEP.PA
MTU AERO ENGINES Industrial Goods & Services,"MAEIG&S, MTU, MTU AERO ENGINES Industrial Goods & Services",MTUM
PENNON GRP Utilities,"PENNON, PENNON  Utilities, PENNON GRP Utilities, PU",3PN.DU
NATIXIS Banks,"NATIXIS, NATIXIS Banks, NB",0P0001GZ1C
WILLIAM HILL Travel & Leisure,"WHT&L, WILLIAM, WILLIAM HILL Travel & Leisure",SHW
PROXIMUS Telecommunications,"PROXIMUS, PROXIMUS Telecommunications, PT",PROX.BR
MERLIN ENTERTAINMENTS Travel & Leisure,"MERLIN, MERLIN ENTERTAINMENTS Travel & Leisure, MET&L",0P00000DY5.L
MEDA A Health Care,"MAHC, MEDA, MEDA A Health Care",MFIN
NOKIAN RENKAAT Automobiles & Parts,"NOKIAN, NOKIAN RENKAAT Automobiles & Parts, NRA&P",TYRES.HE
HARGREAVES LANSDOWN Financial Services,"HARGREAVES, HARGREAVES LANSDOWN Financial Services, HLFS",H6W.F
HALMA Industrial Goods & Services,"HALMA, HALMA Industrial Goods & Services, HIG&S",H11.F
BANKINTER Banks,"BANKINTER, BANKINTER Banks, BB",0P0001OCHK.F
DUFRY GRP Retail,"DR, DUFRY, DUFRY  Retail, DUFRY GRP Retail",DUFRY
K + S Chemicals,"K + S Chemicals, K+SC",K
METRO Retail,"METRO, METRO Retail, MR",CUS=F
TRELLEBORG B Industrial Goods & Services,"TBIG&S, TRELLEBORG, TRELLEBORG B Industrial Goods & Services",TLLB.F
UMICORE Chemicals,"UC, UMICORE, UMICORE Chemicals",UMI.BR
EVONIK INDUSTRIES Chemicals,"EIC, EVONIK, EVONIK INDUSTRIES Chemicals",EVK.DE
SCHRODERS Financial Services,"SCHRODERS, SCHRODERS Financial Services, SFS",HSWYX
MEDIOBANCA Banks,"MB, MEDIOBANCA, MEDIOBANCA Banks",MB.MI
RENTOKIL INITIAL Industrial Goods & Services,"RENTOKIL, RENTOKIL INITIAL Industrial Goods & Services, RIIG&S",RTO
SEGRO Real Estate,"SEGRO, SEGRO Real Estate, SRE",S4VC.F
PRYSMIAN Industrial Goods & Services,"PIG&S, PRYSMIAN, PRYSMIAN Industrial Goods & Services",PRY.MI
HOWDEN JOINERY GRP Industrial Goods & Services,"HJIG&S, HOWDEN, HOWDEN JOINERY  Industrial Goods & Services, HOWDEN JOINERY GRP Industrial Goods & Services",10J.F
GETINGE B Health Care,"GBHC, GETINGE, GETINGE B Health Care",GNGBY
OSRAM LICHT Personal & Household Goods,"OLP&HG, OSRAM, OSRAM LICHT Personal & Household Goods",AMS.SW
BOLIDEN Basic Resources,"BBR, BOLIDEN, BOLIDEN Basic Resources",BOL.ST
EASYJET Travel & Leisure,"EASYJET, EASYJET Travel & Leisure, ET&L",EZJ.L
LANXESS Chemicals,"LANXESS, LANXESS Chemicals, LC",LXS.DE
NESTE Oil & Gas,"NESTE, NESTE Oil & Gas, NO&G",NESTE.HE
GRP 4 SECURICOR Industrial Goods & Services,"4 SECURICOR Industrial Goods & Services, 4SIG&S, GRP 4 SECURICOR Industrial Goods & Services",GRPN
ZODIAC AEROSPACE Industrial Goods & Services,"ZAIG&S, ZODIAC, ZODIAC AEROSPACE Industrial Goods & Services",0P0000X8OD.F
BELLWAY Personal & Household Goods,"BELLWAY, BELLWAY Personal & Household Goods, BP&HG",41B.BE
INCHCAPE Retail,"INCHCAPE, INCHCAPE Retail, IR",IJCA.F
BANKIA Banks,"BANKIA, BANKIA Banks, BB",0P0001871W.F
HENDERSON GRP Financial Services,"HENDERSON, HENDERSON  Financial Services, HENDERSON GRP Financial Services, HFS",JFRDX
WIRECARD Industrial Goods & Services,"WIG&S, WIRECARD, WIRECARD Industrial Goods & Services",WDI.HM
REXEL Industrial Goods & Services,"REXEL, REXEL Industrial Goods & Services, RIG&S",RXL.PA
HUGO BOSS Personal & Household Goods,"HBP&HG, HUGO, HUGO BOSS Personal & Household Goods",HGTXU
OMV Oil & Gas,"OMV, OMV Oil & Gas, OO&G",OMV.VI
ADP Industrial Goods & Services,"ADP, ADP Industrial Goods & Services, AIG&S",ADP
INVESTEC Financial Services,"IFS, INVESTEC, INVESTEC Financial Services",0P0000X63C
ALSTOM Industrial Goods & Services,"AIG&S, ALSTOM, ALSTOM Industrial Goods & Services",AOMU.F
TNT EXPRESS Industrial Goods & Services,"TEIG&S, TNT, TNT EXPRESS Industrial Goods & Services",TNTC.F
COCA-COLA HBC Food & Beverage,"CHF&B, COCA-COLA, COCA-COLA HBC Food & Beverage",KO
Intu Properties PLC Real Estate,"IPRE, Intu, Intu Properties  Real Estate, Intu Properties PLC Real Estate",INTU
HISCOX Insurance,"HI, HISCOX, HISCOX Insurance",H2X3.MU
BIC Personal & Household Goods,"BIC, BIC Personal & Household Goods, BP&HG",BICO.ST
ABERDEEN ASSET MANAGEMENT Financial Services,"AAMFS, ABERDEEN, ABERDEEN ASSET MANAGEMENT Financial Services",ABDN.L
IG GRP HLDG Financial Services,"IFS, IG   Financial Services, IG GRP HLDG Financial Services",IG
IMI Industrial Goods & Services,"IIG&S, IMI, IMI Industrial Goods & Services",EUNN.DE
AUTO TRADER GROUP Media,"ATM, AUTO, AUTO TRADER  Media, AUTO TRADER GROUP Media",MULN
EDENRED Industrial Goods & Services,"EDENRED, EDENRED Industrial Goods & Services, EIG&S",QSV.F
LUNDIN PETROLEUM Oil & Gas,"LPO&G, LUNDIN, LUNDIN PETROLEUM Oil & Gas",LUN.TO
BOOKER GRP Retail,"BOOKER, BOOKER  Retail, BOOKER GRP Retail, BR",PBMLF
GREENE KING Travel & Leisure,"GKT&L, GREENE, GREENE KING Travel & Leisure",GCBC
UBI BCA Banks,"UBB, UBI, UBI BCA Banks",UI
ANDRITZ Industrial Goods & Services,"AIG&S, ANDRITZ, ANDRITZ Industrial Goods & Services",AZ2.HA
MERLIN PROPERTIES SOCIMI Real Estate,"MERLIN, MERLIN PROPERTIES SOCIMI Real Estate, MPSRE",0P00000DY5.L
GLANBIA Food & Beverage,"GF&B, GLANBIA, GLANBIA Food & Beverage",GLAPY
FREENET Telecommunications,"FREENET, FREENET Telecommunications, FT",FRTAF
UBM Media,"UBM, UBM Media, UM",2U2.BE
TDC Telecommunications,"TDC, TDC Telecommunications, TT",TDC
STMICROELECTRONICS Technology,"ST, STMICROELECTRONICS, STMICROELECTRONICS Technology",STM
JERONIMO MARTINS Retail,"JERONIMO, JERONIMO MARTINS Retail, JMR",JEM0.F
LUFTHANSA Travel & Leisure,"LT&L, LUFTHANSA, LUFTHANSA Travel & Leisure",LHA.F
TATE & LYLE Food & Beverage,"T&LF&B, TATE, TATE & LYLE Food & Beverage",TATYY
PSP SWISS PROPERTY Real Estate,"PSP, PSP SWISS PROPERTY Real Estate, PSPRE",PSP
KINGSPAN GRP Construction & Materials,"KC&M, KINGSPAN, KINGSPAN  Construction & Materials, KINGSPAN GRP Construction & Materials",KRX.IR
ICAP Financial Services,"ICAP, ICAP Financial Services, IFS",ICAP
HIKMA PHARMACEUTICALS Health Care,"HIKMA, HIKMA PHARMACEUTICALS Health Care, HPHC",HIK.L
VOESTALPINE Basic Resources,"VBR, VOESTALPINE, VOESTALPINE Basic Resources",VOE.PR
MAN Industrial Goods & Services,"MAN, MAN Industrial Goods & Services, MIG&S",MAN
SPIRAX-SARCO Industrial Goods & Services,"SIG&S, SPIRAX-SARCO, SPIRAX-SARCO Industrial Goods & Services",1LNB.HA
MAN GRP Financial Services,"MAN, MAN  Financial Services, MAN GRP Financial Services, MFS",MAN
ZALANDO Retail,"ZALANDO, ZALANDO Retail, ZR",AT0000A35VB5.VI
EMS-CHEMIE HLDG Chemicals,"EC, EMS-CHEMIE, EMS-CHEMIE  Chemicals, EMS-CHEMIE HLDG Chemicals",EMC1.F
MICRO FOCUS INTERNATIONAL Technology,"MFT, MICRO, MICRO FOCUS  Technology, MICRO FOCUS INTERNATIONAL Technology",MGC=F
HELVETIA HLDG Insurance,"HELVETIA, HELVETIA  Insurance, HELVETIA HLDG Insurance, HI",0P0001EH77.SW
ARYZTA Food & Beverage,"AF&B, ARYZTA, ARYZTA Food & Beverage",ARYNN.MX
INDUSTRIVARDEN A Financial Services,"IAFS, INDUSTRIVARDEN, INDUSTRIVARDEN A Financial Services",IDVA.SG
TELEFONICA DEUTSCHLAND Telecommunications,"TDT, TELEFONICA, TELEFONICA DEUTSCHLAND Telecommunications",VIV
EDF Utilities,"EDF, EDF Utilities, EU",EDF
HUHTAMAKI Industrial Goods & Services,"HIG&S, HUHTAMAKI, HUHTAMAKI Industrial Goods & Services",0K9W.IL
WOOD GRP (JOHN) Oil & Gas,"W(O&G, WOOD, WOOD  (JOHN) Oil & Gas, WOOD GRP (JOHN) Oil & Gas",WOOD
BTG Health Care,"BHC, BTG, BTG Health Care",BTG
WEIR GRP Industrial Goods & Services,"WEIR, WEIR  Industrial Goods & Services, WEIR GRP Industrial Goods & Services, WIG&S",WEGRY
ETS COLRUYT Retail,"ECR, ETS, ETS COLRUYT Retail",ETSY
PETROFAC Oil & Gas,"PETROFAC, PETROFAC Oil & Gas, PO&G",P2F.BE
BABCOCK INTERNATIONAL Industrial Goods & Services,"BABCOCK, BABCOCK  Industrial Goods & Services, BABCOCK INTERNATIONAL Industrial Goods & Services, BIG&S",BW
ORION B Health Care,"OBHC, ORION, ORION B Health Care",OESX
KOMERCNI BANKA Banks,"KBB, KOMERCNI, KOMERCNI BANKA Banks",KOMB.PR
KION GROUP Industrial Goods & Services,"KIG&S, KION, KION  Industrial Goods & Services, KION GROUP Industrial Goods & Services",KGX.DE
FINGERPRINT CARDS 'B' Industrial Goods & Services,"FC'IG&S, FINGERPRINT, FINGERPRINT CARDS 'B' Industrial Goods & Services",FING-B.ST
BOLLORE Industrial Goods & Services,"BIG&S, BOLLORE, BOLLORE Industrial Goods & Services",BOL.PA
RHEINMETALL Automobiles & Parts,"RA&P, RHEINMETALL, RHEINMETALL Automobiles & Parts",RHM.DE
AMER SPORTS Personal & Household Goods,"AMER, AMER SPORTS Personal & Household Goods, ASP&HG",BAC
VOPAK Industrial Goods & Services,"VIG&S, VOPAK, VOPAK Industrial Goods & Services",VPK.AS
EXOR Financial Services,"EFS, EXOR, EXOR Financial Services",EYX.F
CAPITAL & COUNTIES PROPERTIES Real Estate,"C&CPRE, CAPITAL, CAPITAL & COUNTIES PROPERTIES Real Estate",OXLC
FLUGHAFEN ZURICH Industrial Goods & Services,"FLUGHAFEN, FLUGHAFEN ZURICH Industrial Goods & Services, FZIG&S",FLW1.F
DISTRIBUIDORA INT ALIMENTACION Retail,"DIAR, DISTRIBUIDORA, DISTRIBUIDORA INT ALIMENTACION Retail",DIA.MC
RTL GRP Media,"RM, RTL, RTL  Media, RTL GRP Media",0P0001J2L4.F
BCA POPOLARE DI MILANO Banks,"BCA, BCA POPOLARE DI MILANO Banks, BPDMB",BCAB
ENEL GREEN POWER Utilities,"EGPU, ENEL, ENEL GREEN POWER Utilities",ENEL.MI
SHAFTESBURY Real Estate,"SHAFTESBURY, SHAFTESBURY Real Estate, SRE",C20.DU
AALBERTS INDUSTRIES Industrial Goods & Services,"AALBERTS, AALBERTS INDUSTRIES Industrial Goods & Services, AIIG&S",AACA.F
GREAT PORTLAND ESTATES Real Estate,"GPERE, GREAT, GREAT PORTLAND ESTATES Real Estate",GLDD
JYSKE BANK Banks,"JBB, JYSKE, JYSKE BANK Banks",0P0000SO8G.CO
ORPEA Health Care,"OHC, ORPEA, ORPEA Health Care",OPA1.F
GEORG FISCHER Industrial Goods & Services,"GEORG, GEORG FISCHER Industrial Goods & Services, GFIG&S",SXOOF
SPECTRIS Industrial Goods & Services,"SIG&S, SPECTRIS, SPECTRIS Industrial Goods & Services",FA9.F
RPC GROUP Industrial Goods & Services,"RIG&S, RPC, RPC  Industrial Goods & Services, RPC GROUP Industrial Goods & Services",RES
CABLE & WIRELESS COMMUNICATION Telecommunications,"C&WCT, CABLE, CABLE & WIRELESS COMMUNICATION Telecommunications",OCC
Essentra PLC Industrial Goods & Services,"EIG&S, Essentra, Essentra  Industrial Goods & Services, Essentra PLC Industrial Goods & Services",ESNTL.XC
GJENSIDIGE FORSIKRING Insurance,"GFI, GJENSIDIGE, GJENSIDIGE FORSIKRING Insurance",XGJ.F
RUBIS Utilities,"RU, RUBIS, RUBIS Utilities",RUI.PA
WENDEL Financial Services,"WENDEL, WENDEL Financial Services, WFS",MF.PA
CASINO GUICHARD Retail,"CASINO, CASINO GUICHARD Retail, CGR",CNTY
GN STORE NORD Health Care,"GN STORE NORD Health Care, GSNHC",EURGNF=X
FUCHS PETROLUB PREF Chemicals,"FPPC, FUCHS, FUCHS PETROLUB PREF Chemicals",FUPBY
ACKERMANS & VAN HAAREN Financial Services,"A&VHFS, ACKERMANS, ACKERMANS & VAN HAAREN Financial Services",ACKB.BR
EUROFINS SCIENTIFIC Health Care,"ESHC, EUROFINS, EUROFINS SCIENTIFIC Health Care",ERF.PA
NEW WH SMITH Retail,"NEW, NEW WH SMITH Retail, NWSR",6N=F
TULLOW OIL Oil & Gas,"TOO&G, TULLOW, TULLOW OIL Oil & Gas",TLW.L
STRAUMANN Health Care,"SHC, STRAUMANN, STRAUMANN Health Care",SAUHY
KESKO Retail,"KESKO, KESKO Retail, KR",KESKOB.HE
PHOENIX GROUP HDG. Insurance,"PHI, PHOENIX, PHOENIX  HDG. Insurance, PHOENIX GROUP HDG. Insurance",FENG
DIALOG SEMICON Technology,"DIALOG, DIALOG SEMICON Technology, DST",0P0001MMZ6.F
HUSQVARNA B Personal & Household Goods,"HBP&HG, HUSQVARNA, HUSQVARNA B Personal & Household Goods",HRZ.F
NCC B Construction & Materials,"NBC&M, NCC, NCC B Construction & Materials",NCCGF
INTERMEDIATE CAPITAL GRP Financial Services,"ICFS, INTERMEDIATE, INTERMEDIATE CAPITAL  Financial Services, INTERMEDIATE CAPITAL GRP Financial Services",VCIT
BILLERUDKORSNAS Basic Resources,"BBR, BILLERUDKORSNAS, BILLERUDKORSNAS Basic Resources",BNF.HA
TELE2 B Telecommunications,"TBT, TELE2, TELE2 B Telecommunications",NCYD.HA
TEMENOS GRP Technology,"TEMENOS, TEMENOS  Technology, TEMENOS GRP Technology, TT",TMSNY
ANTOFAGASTA Basic Resources,"ABR, ANTOFAGASTA, ANTOFAGASTA Basic Resources",ANTO.L
CLOSE BROTHERS GRP Financial Services,"CBFS, CLOSE, CLOSE BROTHERS  Financial Services, CLOSE BROTHERS GRP Financial Services",0P0001QQP3.SZ
AMEC FOSTER WHEELER Oil & Gas,"AFWO&G, AMEC, AMEC FOSTER WHEELER Oil & Gas",AMECX
CEZ Utilities,"CEZ, CEZ Utilities, CU",CEZ.PR
BCO POPOLARE Banks,"BCO, BCO POPOLARE Banks, BPB",BCO
DAILY MAIL & GENERAL TRUST Media,"DAILY, DAILY MAIL & GENERAL TRUST Media, DM&GTM",SOXL
JCDECAUX Media,"JCDECAUX, JCDECAUX Media, JM",DEC.PA
BB BIOTECH Health Care,"BB BIOTECH Health Care, BBHC",BB
BPOST SA Industrial Goods & Services,"BIG&S, BPOST, BPOST  Industrial Goods & Services, BPOST SA Industrial Goods & Services",BPOST.BR
PLAYTECH Travel & Leisure,"PLAYTECH, PLAYTECH Travel & Leisure, PT&L",PTEC.L
LAGARDERE Media,"LAGARDERE, LAGARDERE Media, LM",LAG.F
ICADE Real Estate,"ICADE, ICADE Real Estate, IRE",3IC.F
BEAZLEY Insurance,"BEAZLEY, BEAZLEY Insurance, BI",2D7.F
ELEKTA B Health Care,"EBHC, ELEKTA, ELEKTA B Health Care",EKTAY
EURAZEO Industrial Goods & Services,"EIG&S, EURAZEO, EURAZEO Industrial Goods & Services",EUQ.F
METSO Industrial Goods & Services,"METSO, METSO Industrial Goods & Services, MIG&S",M6QB.F
JUPITER FUND MANAGEMENT Financial Services,"JFMFS, JUPITER, JUPITER FUND MANAGEMENT Financial Services",0P000161JT.L
CASTELLUM Real Estate,"CASTELLUM, CASTELLUM Real Estate, CRE",CTM
FONCIERE DES REGIONS Real Estate,"FDRRE, FONCIERE, FONCIERE DES REGIONS Real Estate",LEBL.PA
KABEL DEUTSCHLAND Media,"KABEL, KABEL DEUTSCHLAND Media, KDM",RRKABEL.BO
JUST EAT Retail,"JER, JUST, JUST EAT Retail",JUST
ALPHA BANK Banks,"ABB, ALPHA, ALPHA BANK Banks",GOOG
FRESNILLO Basic Resources,"FBR, FRESNILLO, FRESNILLO Basic Resources",FRES.L
HEXPOL 'B' Chemicals,"H'C, HEXPOL, HEXPOL 'B' Chemicals",4QT1.F
BBA AVIATION Industrial Goods & Services,"BAIG&S, BBA, BBA AVIATION Industrial Goods & Services",BBAI
BOLSAS Y MERCADOS ESPANOLES Financial Services,"BOLSAS, BOLSAS Y MERCADOS ESPANOLES Financial Services, BYMEFS",0P0000649M.F
UBISOFT ENTERTAINEMENT Personal & Household Goods,"UBISOFT, UBISOFT ENTERTAINEMENT Personal & Household Goods, UEP&HG",UBI.PA
VISCOFAN Food & Beverage,"VF&B, VISCOFAN, VISCOFAN Food & Beverage",VIS.MC
BCA POPOLARE EMILIA ROMAGNA Banks,"BCA, BCA POPOLARE EMILIA ROMAGNA Banks, BPERB",BCAB
AZIMUT HLDG Financial Services,"AFS, AZIMUT, AZIMUT  Financial Services, AZIMUT HLDG Financial Services",AZM.MI
ICA GRUPPEN Retail,"ICA, ICA GRUPPEN Retail, IGR",IEP
LOGITECH INTERNATIONAL Technology,"LOGITECH, LOGITECH  Technology, LOGITECH INTERNATIONAL Technology, LT",LOGI
GAM Financial Services,"GAM, GAM Financial Services, GFS",GAM
INTRUM JUSTITIA Financial Services,"IJFS, INTRUM, INTRUM JUSTITIA Financial Services",INTRUM.ST
RECORDATI Health Care,"RECORDATI, RECORDATI Health Care, RHC",RER1.BE
UNIPOLSAI Insurance,"UI, UNIPOLSAI, UNIPOLSAI Insurance",0P0001B99D.F
BALFOUR BEATTY Construction & Materials,"BALFOUR, BALFOUR BEATTY Construction & Materials, BBC&M",BBY.L
SAIPEM Oil & Gas,"SAIPEM, SAIPEM Oil & Gas, SO&G",SPM.MI
CELLNEX TELECOM Telecommunications,"CELLNEX, CELLNEX TELECOM Telecommunications, CTT",CLLNY
COFINIMMO Real Estate,"COFINIMMO, COFINIMMO Real Estate, CRE",COF.F
DOMINOS PIZZA GROUP Travel & Leisure,"DOMINOS, DOMINOS PIZZA  Travel & Leisure, DOMINOS PIZZA GROUP Travel & Leisure, DPT&L",DPZ
SEB Personal & Household Goods,"SEB, SEB Personal & Household Goods, SP&HG",SEB
AA PLC Retail,"AA  Retail, AA PLC Retail, AR",AA
SBM OFFSHORE Oil & Gas,"SBM, SBM OFFSHORE Oil & Gas, SOO&G",SBMFF
B&M EUROPEAN VALUE RETAIL Retail,"B&M, B&M EUROPEAN VALUE RETAIL Retail, BEVRR",B
HAYS Industrial Goods & Services,"HAYS, HAYS Industrial Goods & Services, HIG&S",HASL.XC
BARRY CALLEBAUT Food & Beverage,"BARRY, BARRY CALLEBAUT Food & Beverage, BCF&B",BCLN.SG
GERRESHEIMER Health Care,"GERRESHEIMER, GERRESHEIMER Health Care, GHC",GXI.DE
AIR FRANCE-KLM Travel & Leisure,"AFT&L, AIR, AIR FRANCE-KLM Travel & Leisure",AIR
OCADO Retail,"OCADO, OCADO Retail, OR",OCDDY
SUNRISE Telecommunications,"ST, SUNRISE, SUNRISE Telecommunications",SUNS
NIBE INDUSTRIER B Construction & Materials,"NIBC&M, NIBE, NIBE INDUSTRIER B Construction & Materials",NIBE-B.ST
ROTORK Industrial Goods & Services,"RIG&S, ROTORK, ROTORK Industrial Goods & Services",RO41.F
CNP ASSURANCES Insurance,"CAI, CNP, CNP ASSURANCES Insurance",CNP
TECHNICOLOR Media,"TECHNICOLOR, TECHNICOLOR Media, TM",TNM2.MU
MAPFRE Insurance,"MAPFRE, MAPFRE Insurance, MI",MAPE.XC
WILLIAM DEMANT Health Care,"WDHC, WILLIAM, WILLIAM DEMANT Health Care",SHW
AMS AG Technology,"AMS, AMS  Technology, AMS AG Technology, AT",AMS
FAURECIA Automobiles & Parts,"FA&P, FAURECIA, FAURECIA Automobiles & Parts",FAU.DU
MONEYSUPERMARKET COM GP. Media,"MCGM, MONEYSUPERMARKET, MONEYSUPERMARKET COM GP. Media",39M.BE
GRAFTON GRP Industrial Goods & Services,"GIG&S, GRAFTON, GRAFTON  Industrial Goods & Services, GRAFTON GRP Industrial Goods & Services",GN5.BE
PLASTIC OMNIUM Automobiles & Parts,"PLASTIC, PLASTIC OMNIUM Automobiles & Parts, POA&P",PTOI
IMERYS Basic Resources,"IBR, IMERYS, IMERYS Basic Resources",IY4.F
WERELDHAVE Real Estate,"WERELDHAVE, WERELDHAVE Real Estate, WRE",WER.F
ASM INTERNATIONAL Technology,"ASM, ASM  Technology, ASM INTERNATIONAL Technology, AT",ASM
SCHIBSTED GRUPPEN Media,"SCHIBSTED, SCHIBSTED GRUPPEN Media, SGM",SCHBO.OL
BCO COMERCIAL PORTUGUES Banks,"BCO, BCO COMERCIAL PORTUGUES Banks, BCPB",BCO
FRAPORT Industrial Goods & Services,"FIG&S, FRAPORT, FRAPORT Industrial Goods & Services",FRAS.F
SPRINGER (AXEL) Media,"S(M, SPRINGER, SPRINGER (AXEL) Media",SPG.F
TRYG Insurance,"TI, TRYG, TRYG Insurance",TRYGBP=X
DKSH HOLDING Industrial Goods & Services,"DIG&S, DKSH, DKSH  Industrial Goods & Services, DKSH HOLDING Industrial Goods & Services",DS5.F
DAVIDE CAMPARI Food & Beverage,"DAVIDE, DAVIDE CAMPARI Food & Beverage, DCF&B",DVDCF
SYDBANK Banks,"SB, SYDBANK, SYDBANK Banks",TM2.F
DASSAULT AVIATION Industrial Goods & Services,"DAIG&S, DASSAULT, DASSAULT AVIATION Industrial Goods & Services",DSY.PA
DEUTSCHE EUROSHOP Real Estate,"DERE, DEUTSCHE, DEUTSCHE EUROSHOP Real Estate",DB
UNIPOL GRUPPO FINANZIARIO Insurance,"UGFI, UNIPOL, UNIPOL GRUPPO FINANZIARIO Insurance",0P000185V4.F
OTE Telecommunications,"OT, OTE, OTE Telecommunications",OTEX
THOMAS COOK GRP Travel & Leisure,"TCT&L, THOMAS, THOMAS COOK  Travel & Leisure, THOMAS COOK GRP Travel & Leisure",THOMASCOTT.BO
BILFINGER Industrial Goods & Services,"BIG&S, BILFINGER, BILFINGER Industrial Goods & Services",GBF.DE
MICHAEL PAGE INTERNATIONAL Industrial Goods & Services,"MICHAEL, MICHAEL PAGE  Industrial Goods & Services, MICHAEL PAGE INTERNATIONAL Industrial Goods & Services, MPIG&S",MHJ.AX
VICTREX Chemicals,"VC, VICTREX, VICTREX Chemicals",1OY.F
QINETIQ GRP Industrial Goods & Services,"QIG&S, QINETIQ, QINETIQ  Industrial Goods & Services, QINETIQ GRP Industrial Goods & Services",QY6.F
AAREAL BANK Financial Services,"AAREAL, AAREAL BANK Financial Services, ABFS",A289MV.DU
OC OERLIKON Industrial Goods & Services,"OC OERLIKON Industrial Goods & Services, OOIG&S",OC
SWEDISH ORPHAN BIOVITRUM Health Care,"SOBHC, SWEDISH, SWEDISH ORPHAN BIOVITRUM Health Care",SEK=F
WS ATKINS Industrial Goods & Services,"WAIG&S, WS ATKINS Industrial Goods & Services",WS
EURONEXT Financial Services,"EFS, EURONEXT, EURONEXT Financial Services",ENX.PA
EUROBANK ERGASIAS Banks,"EEB, EUROBANK, EUROBANK ERGASIAS Banks",EUROB.AT
BCA MONTE DEI PASCHI DI SIENA Banks,"BCA, BCA MONTE DEI PASCHI DI SIENA Banks, BMDPDSB",BCAB
TALKTALK TELECOM GRP Telecommunications,"TALKTALK, TALKTALK TELECOM  Telecommunications, TALKTALK TELECOM GRP Telecommunications, TTT",TK6.SG
JM Real Estate,"JM Real Estate, JRE",GBPJMD=X
dorma+kaba Industrial Goods & Services,"DIG&S, dorma+kaba, dorma+kaba Industrial Goods & Services",KABN.HM
OCI Chemicals,"OC, OCI, OCI Chemicals",456040.KS
DUERR Industrial Goods & Services,"DIG&S, DUERR, DUERR Industrial Goods & Services",DUED.XC
BOVIS HOMES GRP Personal & Household Goods,"BHP&HG, BOVIS, BOVIS HOMES  Personal & Household Goods, BOVIS HOMES GRP Personal & Household Goods",44B.SG
ULTRA ELECTRONICS Industrial Goods & Services,"UEIG&S, ULTRA, ULTRA ELECTRONICS Industrial Goods & Services",UB=F
RAIFFEISEN BANK INTERNATIONAL Banks,"RAIFFEISEN, RAIFFEISEN BANK  Banks, RAIFFEISEN BANK INTERNATIONAL Banks, RBB",RBI.VI
ASHMORE GRP Financial Services,"AFS, ASHMORE, ASHMORE  Financial Services, ASHMORE GRP Financial Services",0P000132LT
FLSMIDTH & COMPANY Construction & Materials,"F&C&M, FLSMIDTH, FLSMIDTH &  Construction & Materials, FLSMIDTH & COMPANY Construction & Materials",FLS.CO
POSTNL Industrial Goods & Services,"PIG&S, POSTNL, POSTNL Industrial Goods & Services",PNL.AS
TOPDANMARK Insurance,"TI, TOPDANMARK, TOPDANMARK Insurance",0P00001361.CO
BCA POPOLARE DI SONDRIO Banks,"BCA, BCA POPOLARE DI SONDRIO Banks, BPDSB",BCAB
IMMOFINANZ Real Estate,"IMMOFINANZ, IMMOFINANZ Real Estate, IRE",IMO1.BE
INDIVIOR Health Care,"IHC, INDIVIOR, INDIVIOR Health Care",2IVB.MU
TGS-NOPEC GEOPHYSICAL Oil & Gas,"TGO&G, TGS-NOPEC, TGS-NOPEC GEOPHYSICAL Oil & Gas",0MSJ.IL
FIRSTGROUP Travel & Leisure,"FIRSTGROUP, FIRSTGROUP Travel & Leisure, FT&L",FGP.L
DRAX GRP Utilities,"DRAX, DRAX  Utilities, DRAX GRP Utilities, DU",D9F2.F
LANCASHIRE HOLDINGS Insurance,"LANCASHIRE, LANCASHIRE  Insurance, LANCASHIRE HOLDINGS Insurance, LI",LNH.DU
ELEMENTIS Chemicals,"EC, ELEMENTIS, ELEMENTIS Chemicals",E3E.F
SPORTS DIRECT INTERNATIONAL Retail,"SDR, SPORTS, SPORTS DIRECT  Retail, SPORTS DIRECT INTERNATIONAL Retail",AS
OPAP Travel & Leisure,"OPAP, OPAP Travel & Leisure, OT&L",GRKZF
SEADRILL Oil & Gas,"SEADRILL, SEADRILL Oil & Gas, SO&G",SDRL
SULZER Industrial Goods & Services,"SIG&S, SULZER, SULZER Industrial Goods & Services",SUL1.MU
RESTAURANT GRP Travel & Leisure,"RESTAURANT, RESTAURANT  Travel & Leisure, RESTAURANT GRP Travel & Leisure, RT&L",QSR
MELROSE INDUSTRIES Industrial Goods & Services,"MELROSE, MELROSE INDUSTRIES Industrial Goods & Services, MIIG&S",27M.F
